date,period,genre_pop,genre_hip_hop,genre_rock,genre_electronic_dance,genre_latin,genre_classical,genre_ambient_lofi,genre_country
2019-06-01,pre_lockdown,0.16977,0.15777,0.13008,0.12152,0.11679,0.097,0.0966,0.11046
2019-06-02,pre_lockdown,0.17696,0.14917,0.12358,0.1209,0.1111,0.09425,0.10582,0.11821
2019-06-03,pre_lockdown,0.15949,0.15646,0.13074,0.12674,0.12109,0.0954,0.09899,0.1111
2019-06-04,pre_lockdown,0.18969,0.14483,0.1213,0.12482,0.12119,0.09163,0.09934,0.10719
2019-06-05,pre_lockdown,0.15814,0.14868,0.13515,0.12216,0.11351,0.10034,0.10589,0.11615
2019-06-06,pre_lockdown,0.182,0.1487,0.13142,0.12335,0.10825,0.09612,0.10071,0.10945
2019-06-07,pre_lockdown,0.15314,0.15675,0.11892,0.12717,0.12532,0.10335,0.10373,0.11163
2019-06-08,pre_lockdown,0.17589,0.1527,0.12413,0.11679,0.11587,0.0983,0.10964,0.10668
2019-06-09,pre_lockdown,0.1871,0.15302,0.11888,0.11727,0.10655,0.09203,0.10168,0.12347
2019-06-10,pre_lockdown,0.16661,0.15063,0.12921,0.11403,0.12689,0.09674,0.10144,0.11444
2019-06-11,pre_lockdown,0.17224,0.15884,0.12683,0.12007,0.11996,0.09494,0.09698,0.11013
2019-06-12,pre_lockdown,0.17377,0.14317,0.12832,0.12265,0.11193,0.09948,0.101,0.11968
2019-06-13,pre_lockdown,0.16571,0.15428,0.13018,0.11967,0.11461,0.10168,0.09959,0.11428
2019-06-14,pre_lockdown,0.16167,0.16397,0.12945,0.12049,0.12261,0.0957,0.10017,0.10593
2019-06-15,pre_lockdown,0.15628,0.16228,0.13435,0.13584,0.12147,0.08708,0.09565,0.10705
2019-06-16,pre_lockdown,0.17867,0.14978,0.12572,0.12825,0.12271,0.08874,0.10202,0.10411
2019-06-17,pre_lockdown,0.16969,0.1413,0.13738,0.12429,0.11803,0.1045,0.10101,0.10379
2019-06-18,pre_lockdown,0.17868,0.15615,0.12573,0.1202,0.11153,0.09673,0.10075,0.11023
2019-06-19,pre_lockdown,0.16656,0.16492,0.12863,0.11509,0.12342,0.09357,0.09854,0.10928
2019-06-20,pre_lockdown,0.16817,0.16698,0.11926,0.11986,0.11083,0.10181,0.10251,0.11057
2019-06-21,pre_lockdown,0.1738,0.1649,0.11798,0.13139,0.10832,0.09976,0.09491,0.10895
2019-06-22,pre_lockdown,0.16393,0.16795,0.12041,0.1284,0.11022,0.10095,0.09931,0.10883
2019-06-23,pre_lockdown,0.16425,0.14937,0.12525,0.11936,0.1242,0.10292,0.10885,0.10581
2019-06-24,pre_lockdown,0.17168,0.15419,0.12879,0.11365,0.12537,0.08941,0.10115,0.11576
2019-06-25,pre_lockdown,0.15168,0.15096,0.13718,0.12466,0.12104,0.09031,0.10653,0.11764
2019-06-26,pre_lockdown,0.16217,0.17005,0.1207,0.12404,0.11301,0.08986,0.10202,0.11816
2019-06-27,pre_lockdown,0.16385,0.15572,0.13152,0.12249,0.1137,0.09947,0.10358,0.10968
2019-06-28,pre_lockdown,0.17186,0.16076,0.12278,0.11687,0.11259,0.1017,0.10653,0.10691
2019-06-29,pre_lockdown,0.16093,0.16254,0.13735,0.11759,0.12497,0.09447,0.09808,0.10408
2019-06-30,pre_lockdown,0.17105,0.15813,0.12797,0.12208,0.11037,0.09976,0.09997,0.11066
2019-07-01,pre_lockdown,0.17833,0.15686,0.13535,0.12181,0.11584,0.08763,0.09906,0.10511
2019-07-02,pre_lockdown,0.17189,0.1605,0.11325,0.12066,0.11926,0.10178,0.09962,0.11304
2019-07-03,pre_lockdown,0.16193,0.17219,0.12223,0.12493,0.11402,0.08953,0.11037,0.1048
2019-07-04,pre_lockdown,0.18126,0.15013,0.1261,0.12363,0.11463,0.09357,0.10676,0.1039
2019-07-05,pre_lockdown,0.17165,0.15531,0.13328,0.13048,0.10774,0.09693,0.09287,0.11174
2019-07-06,pre_lockdown,0.15886,0.14809,0.12965,0.1322,0.11744,0.0939,0.10342,0.11642
2019-07-07,pre_lockdown,0.1627,0.15134,0.13374,0.11765,0.11345,0.09647,0.11155,0.11309
2019-07-08,pre_lockdown,0.16813,0.15482,0.13385,0.11936,0.12303,0.08674,0.10235,0.11173
2019-07-09,pre_lockdown,0.16472,0.16278,0.13553,0.11583,0.11461,0.0947,0.0997,0.11212
2019-07-10,pre_lockdown,0.16126,0.15551,0.12942,0.12094,0.11999,0.09456,0.10373,0.1146
2019-07-11,pre_lockdown,0.17447,0.15436,0.13206,0.12484,0.10858,0.09317,0.10001,0.11251
2019-07-12,pre_lockdown,0.1596,0.15342,0.13565,0.11947,0.11225,0.1006,0.09661,0.1224
2019-07-13,pre_lockdown,0.16661,0.16444,0.12699,0.13424,0.10527,0.0916,0.09515,0.1157
2019-07-14,pre_lockdown,0.16395,0.16847,0.12565,0.12063,0.12126,0.09804,0.09449,0.10749
2019-07-15,pre_lockdown,0.17019,0.16583,0.14573,0.12044,0.10627,0.09357,0.09888,0.09909
2019-07-16,pre_lockdown,0.17093,0.15428,0.12744,0.12566,0.1198,0.09059,0.10126,0.11004
2019-07-17,pre_lockdown,0.178,0.15534,0.13078,0.11903,0.11351,0.08642,0.10316,0.11375
2019-07-18,pre_lockdown,0.15932,0.14949,0.13892,0.12838,0.11802,0.10081,0.09466,0.1104
2019-07-19,pre_lockdown,0.1691,0.16537,0.1274,0.12095,0.11661,0.08528,0.09853,0.11676
2019-07-20,pre_lockdown,0.15915,0.16459,0.1322,0.12422,0.1103,0.09447,0.10583,0.10924
2019-07-21,pre_lockdown,0.16398,0.14809,0.13,0.13487,0.12385,0.09419,0.09332,0.11169
2019-07-22,pre_lockdown,0.16359,0.1684,0.13024,0.11867,0.11657,0.09752,0.09612,0.10889
2019-07-23,pre_lockdown,0.15966,0.16798,0.13199,0.1217,0.11012,0.10107,0.09276,0.11472
2019-07-24,pre_lockdown,0.16856,0.15794,0.13564,0.11615,0.11659,0.09211,0.09558,0.11742
2019-07-25,pre_lockdown,0.16756,0.16159,0.13754,0.11815,0.1086,0.09734,0.09827,0.11094
2019-07-26,pre_lockdown,0.16637,0.17184,0.12217,0.12001,0.12294,0.08469,0.09908,0.1129
2019-07-27,pre_lockdown,0.16953,0.17187,0.12464,0.12229,0.12592,0.09483,0.08787,0.10305
2019-07-28,pre_lockdown,0.16061,0.16373,0.12424,0.12544,0.12208,0.09992,0.09657,0.10742
2019-07-29,pre_lockdown,0.17542,0.1579,0.12756,0.11483,0.12191,0.08957,0.10187,0.11095
2019-07-30,pre_lockdown,0.15937,0.16815,0.13161,0.11448,0.12035,0.09715,0.09909,0.1098
2019-07-31,pre_lockdown,0.16442,0.15966,0.13252,0.11862,0.1198,0.09829,0.09628,0.11043
2019-08-01,pre_lockdown,0.16441,0.17534,0.12302,0.11463,0.1175,0.08853,0.10192,0.11466
2019-08-02,pre_lockdown,0.16284,0.17028,0.1293,0.12555,0.12435,0.09511,0.09308,0.09949
2019-08-03,pre_lockdown,0.17098,0.14614,0.1323,0.11999,0.11983,0.08982,0.09974,0.12121
2019-08-04,pre_lockdown,0.16829,0.15966,0.13747,0.12569,0.10861,0.08893,0.09574,0.11561
2019-08-05,pre_lockdown,0.16593,0.15066,0.12872,0.12392,0.11362,0.09331,0.10653,0.11732
2019-08-06,pre_lockdown,0.16734,0.15818,0.13835,0.11951,0.12235,0.09084,0.09978,0.10365
2019-08-07,pre_lockdown,0.17043,0.14526,0.12218,0.13675,0.11458,0.10269,0.09768,0.11043
2019-08-08,pre_lockdown,0.16308,0.1562,0.12287,0.12528,0.12302,0.09437,0.10182,0.11336
2019-08-09,pre_lockdown,0.16458,0.16035,0.12857,0.12421,0.11662,0.09716,0.10076,0.10775
2019-08-10,pre_lockdown,0.14825,0.15778,0.13052,0.1193,0.12453,0.09434,0.10445,0.12083
2019-08-11,pre_lockdown,0.15627,0.17093,0.11717,0.12475,0.11523,0.10762,0.10106,0.10698
2019-08-12,pre_lockdown,0.16608,0.15258,0.13592,0.12064,0.12159,0.09514,0.09743,0.11062
2019-08-13,pre_lockdown,0.16791,0.14983,0.12864,0.13178,0.11016,0.10147,0.09754,0.11269
2019-08-14,pre_lockdown,0.16831,0.16652,0.12757,0.11663,0.1277,0.08659,0.09328,0.1134
2019-08-15,pre_lockdown,0.16337,0.15558,0.12567,0.12266,0.12028,0.09466,0.10362,0.11415
2019-08-16,pre_lockdown,0.17066,0.15707,0.12882,0.11169,0.11524,0.09631,0.10597,0.11425
2019-08-17,pre_lockdown,0.15552,0.15861,0.13204,0.11572,0.11731,0.09453,0.10762,0.11865
2019-08-18,pre_lockdown,0.17162,0.14712,0.1439,0.11304,0.12026,0.10214,0.09634,0.10556
2019-08-19,pre_lockdown,0.16262,0.15529,0.12809,0.12071,0.1169,0.08971,0.09763,0.12905
2019-08-20,pre_lockdown,0.17433,0.15407,0.12936,0.11321,0.11807,0.10162,0.09729,0.11204
2019-08-21,pre_lockdown,0.17055,0.15921,0.11909,0.12721,0.11901,0.09428,0.09836,0.11229
2019-08-22,pre_lockdown,0.1544,0.16237,0.13088,0.12626,0.11923,0.09079,0.09994,0.11613
2019-08-23,pre_lockdown,0.15949,0.16747,0.12423,0.12446,0.11949,0.09386,0.09654,0.11447
2019-08-24,pre_lockdown,0.16229,0.15996,0.13274,0.12742,0.10997,0.09555,0.09909,0.11298
2019-08-25,pre_lockdown,0.17404,0.15375,0.13581,0.1182,0.11884,0.09751,0.1008,0.10105
2019-08-26,pre_lockdown,0.16333,0.15278,0.12057,0.1294,0.11934,0.09855,0.106,0.11003
2019-08-27,pre_lockdown,0.17229,0.15286,0.11882,0.12882,0.1182,0.10359,0.09928,0.10615
2019-08-28,pre_lockdown,0.1714,0.14352,0.13345,0.13114,0.10907,0.09391,0.10799,0.10951
2019-08-29,pre_lockdown,0.16569,0.14722,0.13538,0.12685,0.12383,0.08909,0.1046,0.10734
2019-08-30,pre_lockdown,0.15878,0.16452,0.12953,0.11543,0.12417,0.09371,0.10461,0.10925
2019-08-31,pre_lockdown,0.17013,0.15255,0.13502,0.12519,0.12257,0.09659,0.09272,0.10523
2019-09-01,pre_lockdown,0.1674,0.16367,0.12722,0.12346,0.10424,0.0958,0.10081,0.1174
2019-09-02,pre_lockdown,0.17526,0.14419,0.14238,0.12071,0.11435,0.09056,0.10058,0.11196
2019-09-03,pre_lockdown,0.14641,0.18053,0.11947,0.1191,0.11767,0.09617,0.10133,0.11933
2019-09-04,pre_lockdown,0.17427,0.15534,0.13344,0.11492,0.11044,0.09617,0.10176,0.11366
2019-09-05,pre_lockdown,0.16491,0.14842,0.13306,0.11426,0.12031,0.09671,0.10824,0.11408
2019-09-06,pre_lockdown,0.16228,0.16668,0.13023,0.12622,0.11499,0.09273,0.09574,0.11112
2019-09-07,pre_lockdown,0.17239,0.15133,0.1184,0.11817,0.12283,0.09824,0.10405,0.11459
2019-09-08,pre_lockdown,0.17157,0.15331,0.12058,0.13657,0.10913,0.0945,0.10279,0.11155
2019-09-09,pre_lockdown,0.17474,0.15208,0.13197,0.12036,0.11466,0.08657,0.10501,0.11461
2019-09-10,pre_lockdown,0.17351,0.15258,0.13455,0.12201,0.11668,0.08723,0.10333,0.11011
2019-09-11,pre_lockdown,0.1736,0.13884,0.12396,0.13194,0.11863,0.08713,0.10869,0.11721
2019-09-12,pre_lockdown,0.15709,0.15433,0.15115,0.11549,0.11812,0.09099,0.10056,0.11228
2019-09-13,pre_lockdown,0.16183,0.15667,0.12302,0.12037,0.11324,0.10526,0.10735,0.11226
2019-09-14,pre_lockdown,0.15122,0.16347,0.13066,0.12522,0.1277,0.09186,0.10372,0.10614
2019-09-15,pre_lockdown,0.16943,0.15907,0.13632,0.1204,0.104,0.09345,0.10347,0.11385
2019-09-16,pre_lockdown,0.17332,0.14829,0.1228,0.13217,0.11674,0.10079,0.10002,0.10587
2019-09-17,pre_lockdown,0.1616,0.16187,0.12349,0.12905,0.10907,0.0975,0.09731,0.12011
2019-09-18,pre_lockdown,0.15876,0.15831,0.13779,0.12498,0.1155,0.09471,0.09716,0.11279
2019-09-19,pre_lockdown,0.17109,0.15654,0.12674,0.13284,0.11337,0.09073,0.09545,0.11323
2019-09-20,pre_lockdown,0.16746,0.15907,0.13139,0.12262,0.11139,0.10295,0.09922,0.10591
2019-09-21,pre_lockdown,0.17048,0.16247,0.13213,0.1187,0.117,0.09676,0.0905,0.11196
2019-09-22,pre_lockdown,0.16373,0.16255,0.13742,0.11677,0.12408,0.09162,0.09082,0.113
2019-09-23,pre_lockdown,0.17172,0.15931,0.13353,0.12279,0.11722,0.08698,0.09721,0.11123
2019-09-24,pre_lockdown,0.16032,0.16029,0.1267,0.11603,0.12435,0.10169,0.09927,0.11134
2019-09-25,pre_lockdown,0.16428,0.15592,0.1386,0.13647,0.10743,0.099,0.0983,0.1
2019-09-26,pre_lockdown,0.15892,0.15696,0.13093,0.13168,0.11584,0.09255,0.10446,0.10867
2019-09-27,pre_lockdown,0.16648,0.15787,0.13283,0.11849,0.12547,0.09329,0.1064,0.09918
2019-09-28,pre_lockdown,0.15394,0.15359,0.12694,0.12452,0.12635,0.08578,0.11354,0.11533
2019-09-29,pre_lockdown,0.1701,0.16187,0.12164,0.11775,0.11168,0.09726,0.10547,0.11424
2019-09-30,pre_lockdown,0.16561,0.16052,0.13689,0.12136,0.11065,0.09429,0.10072,0.10997
2019-10-01,pre_lockdown,0.15835,0.15813,0.12385,0.13176,0.11052,0.0947,0.10543,0.11726
2019-10-02,pre_lockdown,0.16437,0.15565,0.13675,0.13743,0.11748,0.08916,0.095,0.10416
2019-10-03,pre_lockdown,0.15912,0.15998,0.12836,0.13504,0.121,0.09194,0.09805,0.10651
2019-10-04,pre_lockdown,0.17441,0.1645,0.12767,0.12122,0.10863,0.09153,0.10204,0.11
2019-10-05,pre_lockdown,0.16233,0.16187,0.13261,0.12125,0.11241,0.09816,0.09875,0.11262
2019-10-06,pre_lockdown,0.16634,0.15951,0.12101,0.12097,0.11583,0.10054,0.09983,0.11596
2019-10-07,pre_lockdown,0.15192,0.16538,0.14001,0.1229,0.12189,0.0948,0.09573,0.10736
2019-10-08,pre_lockdown,0.1669,0.155,0.12251,0.12859,0.11548,0.09382,0.10464,0.11305
2019-10-09,pre_lockdown,0.16001,0.17087,0.12869,0.12317,0.11383,0.09734,0.10532,0.10077
2019-10-10,pre_lockdown,0.14681,0.15482,0.13247,0.12628,0.1254,0.09288,0.10418,0.11717
2019-10-11,pre_lockdown,0.17616,0.15273,0.12046,0.11244,0.12208,0.09245,0.10708,0.11661
2019-10-12,pre_lockdown,0.16002,0.1597,0.13571,0.12039,0.11245,0.09486,0.10198,0.1149
2019-10-13,pre_lockdown,0.16041,0.16588,0.14299,0.12803,0.11106,0.0856,0.10334,0.1027
2019-10-14,pre_lockdown,0.16167,0.16304,0.13094,0.11796,0.12052,0.09933,0.09445,0.1121
2019-10-15,pre_lockdown,0.16595,0.15675,0.12944,0.12237,0.11129,0.10132,0.09651,0.11636
2019-10-16,pre_lockdown,0.15844,0.17372,0.13444,0.12198,0.10595,0.09714,0.09541,0.11293
2019-10-17,pre_lockdown,0.15715,0.14835,0.13007,0.12223,0.12173,0.0961,0.09876,0.12561
2019-10-18,pre_lockdown,0.15252,0.1755,0.12693,0.12211,0.11887,0.09881,0.09415,0.11111
2019-10-19,pre_lockdown,0.15669,0.1624,0.12817,0.12555,0.11766,0.09349,0.10803,0.10801
2019-10-20,pre_lockdown,0.17241,0.14925,0.13188,0.12668,0.11467,0.0927,0.0983,0.1141
2019-10-21,pre_lockdown,0.16948,0.16646,0.14292,0.1126,0.11016,0.09513,0.09835,0.10491
2019-10-22,pre_lockdown,0.16881,0.15927,0.11966,0.11062,0.1176,0.09949,0.11042,0.11413
2019-10-23,pre_lockdown,0.16196,0.1587,0.13176,0.11333,0.11484,0.10365,0.10239,0.11338
2019-10-24,pre_lockdown,0.16964,0.14352,0.13738,0.12602,0.11592,0.09458,0.10254,0.1104
2019-10-25,pre_lockdown,0.16086,0.16646,0.12598,0.13289,0.11494,0.0874,0.10451,0.10696
2019-10-26,pre_lockdown,0.17136,0.15535,0.12415,0.12124,0.12085,0.09351,0.10474,0.10881
2019-10-27,pre_lockdown,0.17125,0.16206,0.12228,0.12962,0.11317,0.09748,0.09895,0.10519
2019-10-28,pre_lockdown,0.16764,0.16251,0.12503,0.11,0.11134,0.10411,0.10339,0.11599
2019-10-29,pre_lockdown,0.16922,0.15664,0.14094,0.11177,0.11326,0.09333,0.10857,0.10626
2019-10-30,pre_lockdown,0.17028,0.16567,0.12551,0.11374,0.11986,0.09209,0.09715,0.11569
2019-10-31,pre_lockdown,0.16336,0.15848,0.12876,0.12921,0.11911,0.10004,0.09813,0.10291
2019-11-01,pre_lockdown,0.16492,0.16806,0.12647,0.12209,0.11884,0.09077,0.09966,0.10919
2019-11-02,pre_lockdown,0.16385,0.1609,0.13001,0.12555,0.11091,0.10401,0.09409,0.11068
2019-11-03,pre_lockdown,0.17164,0.14853,0.12793,0.1208,0.12254,0.09916,0.09738,0.11201
2019-11-04,pre_lockdown,0.16569,0.15804,0.11884,0.12801,0.11761,0.09758,0.09889,0.11532
2019-11-05,pre_lockdown,0.16237,0.16237,0.13443,0.12193,0.11435,0.09096,0.10548,0.10811
2019-11-06,pre_lockdown,0.15603,0.16263,0.13275,0.11541,0.12409,0.09263,0.1052,0.11125
2019-11-07,pre_lockdown,0.18493,0.14854,0.12728,0.11897,0.11722,0.08876,0.10518,0.10912
2019-11-08,pre_lockdown,0.16536,0.15699,0.1316,0.12322,0.11262,0.10026,0.1014,0.10855
2019-11-09,pre_lockdown,0.17142,0.14818,0.12941,0.13208,0.11778,0.09099,0.09794,0.11221
2019-11-10,pre_lockdown,0.17502,0.16117,0.12651,0.11896,0.12402,0.09406,0.09368,0.10659
2019-11-11,pre_lockdown,0.17306,0.15132,0.12939,0.12443,0.11992,0.0937,0.09654,0.11164
2019-11-12,pre_lockdown,0.18263,0.14965,0.12202,0.13098,0.11659,0.09514,0.10447,0.09852
2019-11-13,pre_lockdown,0.15961,0.14767,0.12894,0.12807,0.1192,0.09845,0.10892,0.10914
2019-11-14,pre_lockdown,0.16474,0.1589,0.12757,0.12374,0.11981,0.09125,0.10645,0.10755
2019-11-15,pre_lockdown,0.17405,0.15449,0.1356,0.1267,0.11038,0.09933,0.09923,0.10023
2019-11-16,pre_lockdown,0.14519,0.16131,0.13322,0.12404,0.1251,0.09818,0.09529,0.11766
2019-11-17,pre_lockdown,0.1563,0.163,0.12996,0.11642,0.1167,0.09423,0.11242,0.11097
2019-11-18,pre_lockdown,0.17034,0.14726,0.13092,0.11431,0.13293,0.09151,0.10309,0.10962
2019-11-19,pre_lockdown,0.16283,0.15756,0.14185,0.11977,0.11977,0.08993,0.10336,0.10494
2019-11-20,pre_lockdown,0.16363,0.15318,0.13517,0.12703,0.12055,0.09132,0.10255,0.10657
2019-11-21,pre_lockdown,0.17092,0.16401,0.13212,0.11406,0.11649,0.09125,0.10581,0.10534
2019-11-22,pre_lockdown,0.16452,0.15834,0.13429,0.11597,0.10989,0.09838,0.10545,0.11316
2019-11-23,pre_lockdown,0.16345,0.15263,0.12991,0.13038,0.11664,0.09915,0.09816,0.10968
2019-11-24,pre_lockdown,0.1597,0.16165,0.13343,0.11974,0.11781,0.10264,0.10182,0.10322
2019-11-25,pre_lockdown,0.16412,0.16128,0.1293,0.12702,0.11972,0.09459,0.09366,0.11032
2019-11-26,pre_lockdown,0.16741,0.15376,0.12549,0.12018,0.11957,0.09128,0.10955,0.11277
2019-11-27,pre_lockdown,0.15714,0.16296,0.14059,0.11568,0.1267,0.08836,0.09831,0.11026
2019-11-28,pre_lockdown,0.16614,0.15187,0.13447,0.11994,0.12274,0.09717,0.0979,0.10976
2019-11-29,pre_lockdown,0.15504,0.16324,0.14969,0.12567,0.10767,0.08737,0.09792,0.11338
2019-11-30,pre_lockdown,0.15555,0.16306,0.12622,0.12178,0.1239,0.09686,0.10243,0.11021
2019-12-01,pre_lockdown,0.15694,0.17333,0.13317,0.11785,0.11936,0.09478,0.10511,0.09946
2019-12-02,pre_lockdown,0.16902,0.16188,0.12523,0.12503,0.11327,0.09406,0.09976,0.11175
2019-12-03,pre_lockdown,0.14849,0.15622,0.13216,0.14117,0.12358,0.09421,0.10111,0.10306
2019-12-04,pre_lockdown,0.15997,0.15119,0.1395,0.12356,0.10966,0.10592,0.09874,0.11145
2019-12-05,pre_lockdown,0.17439,0.14898,0.1345,0.11995,0.12454,0.096,0.0918,0.10984
2019-12-06,pre_lockdown,0.16735,0.15638,0.12983,0.12023,0.11118,0.1031,0.10255,0.10937
2019-12-07,pre_lockdown,0.16919,0.15872,0.12032,0.12687,0.11951,0.09856,0.09655,0.11028
2019-12-08,pre_lockdown,0.15571,0.14376,0.13518,0.12442,0.12338,0.09284,0.10726,0.11747
2019-12-09,pre_lockdown,0.14896,0.15351,0.12927,0.12114,0.12983,0.10224,0.10443,0.11063
2019-12-10,pre_lockdown,0.17236,0.15749,0.12662,0.12572,0.12138,0.09086,0.09367,0.11189
2019-12-11,pre_lockdown,0.18019,0.14171,0.12574,0.12451,0.11297,0.0939,0.10592,0.11507
2019-12-12,pre_lockdown,0.1791,0.14947,0.12496,0.13308,0.1148,0.09121,0.10236,0.10502
2019-12-13,pre_lockdown,0.15335,0.1726,0.12753,0.13391,0.13009,0.09129,0.08531,0.10593
2019-12-14,pre_lockdown,0.1707,0.15463,0.13381,0.12196,0.11412,0.09361,0.10364,0.10752
2019-12-15,pre_lockdown,0.1701,0.15231,0.13378,0.1242,0.12157,0.0996,0.0946,0.10383
2019-12-16,pre_lockdown,0.16235,0.1578,0.13076,0.12449,0.11565,0.09945,0.0956,0.1139
2019-12-17,pre_lockdown,0.16575,0.15867,0.13451,0.11571,0.11908,0.09168,0.09735,0.11725
2019-12-18,pre_lockdown,0.18135,0.16324,0.11914,0.13052,0.11597,0.09507,0.10143,0.09328
2019-12-19,pre_lockdown,0.17501,0.15618,0.12997,0.12839,0.11515,0.09309,0.08991,0.1123
2019-12-20,pre_lockdown,0.16234,0.15419,0.12941,0.11905,0.11284,0.10631,0.10263,0.11323
2019-12-21,pre_lockdown,0.16526,0.15586,0.12698,0.12486,0.12196,0.0954,0.0997,0.10998
2019-12-22,pre_lockdown,0.17131,0.14638,0.12226,0.12271,0.1188,0.10672,0.10161,0.11021
2019-12-23,pre_lockdown,0.1529,0.1649,0.13041,0.11952,0.11973,0.09711,0.0953,0.12013
2019-12-24,pre_lockdown,0.16301,0.1705,0.12929,0.12608,0.11277,0.0973,0.09536,0.10568
2019-12-25,pre_lockdown,0.16471,0.16816,0.12044,0.12612,0.11304,0.08813,0.10373,0.11567
2019-12-26,pre_lockdown,0.1726,0.14982,0.12262,0.12182,0.12028,0.09983,0.09739,0.11563
2019-12-27,pre_lockdown,0.15492,0.15451,0.12319,0.12913,0.11872,0.10268,0.09971,0.11714
2019-12-28,pre_lockdown,0.16833,0.15877,0.12276,0.12341,0.12267,0.09303,0.09974,0.1113
2019-12-29,pre_lockdown,0.17357,0.16138,0.11622,0.12468,0.11849,0.09184,0.10568,0.10814
2019-12-30,pre_lockdown,0.15653,0.17318,0.11931,0.12941,0.11924,0.09179,0.10006,0.11047
2019-12-31,pre_lockdown,0.18519,0.14526,0.12681,0.12115,0.11387,0.09147,0.10078,0.11547
2020-01-01,pre_lockdown,0.17092,0.16436,0.12248,0.1259,0.11099,0.09436,0.10391,0.10708
2020-01-02,pre_lockdown,0.17019,0.15387,0.12853,0.12455,0.11851,0.09418,0.0954,0.11476
2020-01-03,pre_lockdown,0.16598,0.15381,0.13069,0.12043,0.10952,0.09368,0.10761,0.11829
2020-01-04,pre_lockdown,0.17082,0.15777,0.1335,0.12245,0.12023,0.09439,0.09249,0.10835
2020-01-05,pre_lockdown,0.16725,0.15627,0.12752,0.12629,0.11421,0.09781,0.10081,0.10986
2020-01-06,pre_lockdown,0.17649,0.14973,0.12726,0.12149,0.1131,0.10664,0.09951,0.10577
2020-01-07,pre_lockdown,0.17298,0.15294,0.12532,0.11995,0.11825,0.09585,0.10195,0.11275
2020-01-08,pre_lockdown,0.16176,0.16524,0.11947,0.12003,0.11735,0.09903,0.10569,0.11143
2020-01-09,pre_lockdown,0.16304,0.15821,0.12844,0.11797,0.11392,0.09714,0.10117,0.12012
2020-01-10,pre_lockdown,0.16148,0.16136,0.12425,0.12308,0.1151,0.09676,0.1106,0.10737
2020-01-11,pre_lockdown,0.17727,0.15742,0.12133,0.12497,0.11022,0.09565,0.1048,0.10834
2020-01-12,pre_lockdown,0.16918,0.15668,0.12741,0.12394,0.11683,0.09696,0.1001,0.10889
2020-01-13,pre_lockdown,0.15973,0.16082,0.1286,0.12399,0.12213,0.09806,0.10105,0.10562
2020-01-14,pre_lockdown,0.16501,0.14872,0.13285,0.11178,0.12532,0.09902,0.10504,0.11227
2020-01-15,pre_lockdown,0.17013,0.17112,0.12093,0.11835,0.1189,0.08408,0.10607,0.11043
2020-01-16,pre_lockdown,0.15337,0.16537,0.12948,0.12202,0.10432,0.10712,0.10491,0.11342
2020-01-17,pre_lockdown,0.1509,0.15985,0.13559,0.12384,0.11898,0.09512,0.10385,0.11186
2020-01-18,pre_lockdown,0.16347,0.1591,0.13497,0.12356,0.11427,0.08648,0.10982,0.10833
2020-01-19,pre_lockdown,0.15565,0.16614,0.12542,0.12678,0.11261,0.0993,0.10059,0.1135
2020-01-20,pre_lockdown,0.15889,0.15513,0.13339,0.12944,0.11121,0.09609,0.10271,0.11314
2020-01-21,pre_lockdown,0.17714,0.16499,0.13163,0.11713,0.11228,0.09383,0.09192,0.11109
2020-01-22,pre_lockdown,0.1685,0.164,0.13181,0.11998,0.11063,0.09202,0.09986,0.1132
2020-01-23,pre_lockdown,0.16443,0.1664,0.1228,0.11803,0.11739,0.10403,0.09959,0.10732
2020-01-24,pre_lockdown,0.16278,0.15639,0.14006,0.11594,0.11463,0.10158,0.10114,0.10747
2020-01-25,pre_lockdown,0.16674,0.15891,0.13279,0.11608,0.11619,0.10026,0.09685,0.11218
2020-01-26,pre_lockdown,0.15581,0.15926,0.12592,0.12575,0.11441,0.09118,0.10335,0.12431
2020-01-27,pre_lockdown,0.17314,0.15893,0.13267,0.11572,0.1081,0.09449,0.105,0.11195
2020-01-28,pre_lockdown,0.17756,0.1485,0.11909,0.12603,0.11724,0.10116,0.09545,0.11497
2020-01-29,pre_lockdown,0.15699,0.15446,0.13905,0.12847,0.11072,0.09692,0.10272,0.11067
2020-01-30,pre_lockdown,0.17145,0.1704,0.12359,0.1248,0.10463,0.09368,0.1044,0.10705
2020-01-31,pre_lockdown,0.16035,0.16373,0.12356,0.12984,0.11314,0.09843,0.09887,0.11208
2020-02-01,pre_lockdown,0.16893,0.14558,0.13145,0.11493,0.13672,0.09373,0.09428,0.11439
2020-02-02,pre_lockdown,0.16054,0.16346,0.12827,0.12024,0.11675,0.10125,0.09554,0.11393
2020-02-03,pre_lockdown,0.17663,0.15746,0.1249,0.11807,0.12083,0.10002,0.10036,0.10172
2020-02-04,pre_lockdown,0.15461,0.15839,0.1252,0.13396,0.12472,0.08687,0.10346,0.11281
2020-02-05,pre_lockdown,0.17582,0.14494,0.13277,0.11905,0.11302,0.09696,0.10797,0.10948
2020-02-06,pre_lockdown,0.16606,0.1619,0.14079,0.11874,0.11267,0.09512,0.09365,0.11106
2020-02-07,pre_lockdown,0.16552,0.14878,0.14053,0.12544,0.11126,0.08886,0.10563,0.11399
2020-02-08,pre_lockdown,0.17178,0.16558,0.13058,0.12059,0.11364,0.09321,0.09626,0.10836
2020-02-09,pre_lockdown,0.15767,0.1524,0.13832,0.12672,0.11388,0.10247,0.09846,0.11007
2020-02-10,pre_lockdown,0.16843,0.16343,0.13136,0.11463,0.1173,0.09184,0.10477,0.10824
2020-02-11,pre_lockdown,0.15897,0.1607,0.13207,0.12515,0.11434,0.08832,0.09529,0.12517
2020-02-12,pre_lockdown,0.15819,0.16162,0.132,0.12466,0.12196,0.08966,0.09131,0.1206
2020-02-13,pre_lockdown,0.15789,0.16912,0.12815,0.11647,0.12039,0.0927,0.09776,0.11752
2020-02-14,pre_lockdown,0.17074,0.15537,0.12741,0.12716,0.11164,0.08995,0.1059,0.11183
2020-02-15,pre_lockdown,0.17296,0.17284,0.11917,0.12358,0.11605,0.09798,0.09431,0.10312
2020-02-16,pre_lockdown,0.15966,0.15249,0.13298,0.12378,0.12388,0.09538,0.10327,0.10856
2020-02-17,pre_lockdown,0.1595,0.16321,0.14358,0.11523,0.11512,0.09245,0.10308,0.10782
2020-02-18,pre_lockdown,0.17435,0.14478,0.12351,0.12213,0.11144,0.10463,0.1052,0.11397
2020-02-19,pre_lockdown,0.17188,0.1708,0.12581,0.11454,0.11826,0.09122,0.1021,0.1054
2020-02-20,pre_lockdown,0.15979,0.15807,0.12564,0.14246,0.11588,0.09097,0.09439,0.1128
2020-02-21,pre_lockdown,0.16627,0.17216,0.12659,0.11469,0.1109,0.09151,0.10398,0.11388
2020-02-22,pre_lockdown,0.16759,0.16191,0.11964,0.12599,0.11331,0.09276,0.10261,0.11619
2020-02-23,pre_lockdown,0.16521,0.14875,0.1315,0.13705,0.11147,0.09946,0.09676,0.10981
2020-02-24,pre_lockdown,0.1713,0.15925,0.12336,0.132,0.11048,0.08874,0.10833,0.10653
2020-02-25,pre_lockdown,0.15974,0.15547,0.12679,0.11796,0.10754,0.10206,0.11077,0.11966
2020-02-26,pre_lockdown,0.16438,0.15712,0.12257,0.12542,0.11565,0.09261,0.11033,0.11192
2020-02-27,pre_lockdown,0.16319,0.16156,0.12874,0.12256,0.11317,0.08667,0.10959,0.11453
2020-02-28,pre_lockdown,0.17104,0.15019,0.13072,0.11705,0.12496,0.09545,0.0971,0.11351
2020-02-29,pre_lockdown,0.1653,0.15397,0.12266,0.11654,0.11764,0.10949,0.10232,0.11207
2020-03-01,pre_lockdown,0.17131,0.15894,0.11648,0.12493,0.1167,0.093,0.11329,0.10535
2020-03-02,pre_lockdown,0.1817,0.14263,0.12712,0.1229,0.11206,0.10137,0.10617,0.10605
2020-03-03,pre_lockdown,0.16966,0.14989,0.13645,0.11271,0.11346,0.09871,0.10685,0.11228
2020-03-04,pre_lockdown,0.16344,0.1604,0.12667,0.10923,0.12035,0.10055,0.10476,0.1146
2020-03-05,pre_lockdown,0.1686,0.14777,0.13465,0.10976,0.11879,0.1081,0.10768,0.10465
2020-03-06,pre_lockdown,0.15749,0.16211,0.12315,0.10818,0.11559,0.10455,0.11862,0.11032
2020-03-07,pre_lockdown,0.15495,0.14798,0.13138,0.11448,0.10397,0.10878,0.12329,0.11516
2020-03-08,pre_lockdown,0.1644,0.15974,0.12887,0.09702,0.10628,0.10132,0.11138,0.131
2020-03-09,pre_lockdown,0.16465,0.13739,0.13782,0.09311,0.11078,0.11789,0.12689,0.11145
2020-03-10,pre_lockdown,0.1679,0.15283,0.13629,0.08191,0.10665,0.11447,0.13488,0.10507
2020-03-11,lockdown,0.15838,0.13856,0.13531,0.09014,0.10127,0.11127,0.14305,0.12201
2020-03-12,lockdown,0.15305,0.14553,0.1234,0.08238,0.10835,0.12162,0.15279,0.11288
2020-03-13,lockdown,0.15517,0.1421,0.12911,0.0881,0.10532,0.12432,0.14237,0.11352
2020-03-14,lockdown,0.14357,0.15125,0.12227,0.08253,0.09792,0.13104,0.16281,0.10862
2020-03-15,lockdown,0.15109,0.14559,0.1307,0.07935,0.09812,0.12926,0.14763,0.11826
2020-03-16,lockdown,0.15356,0.14749,0.12097,0.0783,0.09881,0.1178,0.16472,0.11836
2020-03-17,lockdown,0.15628,0.14841,0.12207,0.07337,0.09568,0.1255,0.16677,0.11193
2020-03-18,lockdown,0.14726,0.13072,0.13479,0.07341,0.09821,0.13314,0.17409,0.10838
2020-03-19,lockdown,0.14211,0.12099,0.13376,0.07007,0.09048,0.14002,0.18874,0.11382
2020-03-20,lockdown,0.15614,0.13658,0.12405,0.07455,0.09771,0.12661,0.17572,0.10864
2020-03-21,lockdown,0.1442,0.14171,0.12307,0.0684,0.08701,0.13432,0.18531,0.11598
2020-03-22,lockdown,0.14539,0.12223,0.12079,0.0692,0.10106,0.13511,0.19579,0.11041
2020-03-23,lockdown,0.15594,0.12848,0.1225,0.06679,0.09252,0.13897,0.18107,0.11374
2020-03-24,lockdown,0.14551,0.12768,0.12436,0.06512,0.09984,0.13045,0.18808,0.11895
2020-03-25,lockdown,0.15002,0.13383,0.11696,0.06298,0.09472,0.14145,0.18397,0.11608
2020-03-26,lockdown,0.1419,0.13982,0.12945,0.06252,0.08274,0.14534,0.18643,0.11181
2020-03-27,lockdown,0.14542,0.12796,0.13256,0.06559,0.09425,0.13706,0.18428,0.11289
2020-03-28,lockdown,0.14598,0.13925,0.13184,0.06468,0.08699,0.13708,0.18179,0.11238
2020-03-29,lockdown,0.13035,0.12105,0.12279,0.07359,0.09588,0.1414,0.19316,0.12178
2020-03-30,lockdown,0.15033,0.12836,0.11467,0.06505,0.08412,0.13496,0.20426,0.11826
2020-03-31,lockdown,0.15916,0.12466,0.12715,0.06514,0.09546,0.13879,0.18337,0.10627
2020-04-01,lockdown,0.14439,0.13185,0.11902,0.06079,0.09335,0.14658,0.18018,0.12384
2020-04-02,lockdown,0.14981,0.13111,0.11561,0.06319,0.09885,0.14276,0.1889,0.10976
2020-04-03,lockdown,0.14255,0.13871,0.12921,0.06409,0.08122,0.13718,0.18721,0.11985
2020-04-04,lockdown,0.14608,0.14671,0.12168,0.06379,0.09022,0.1393,0.17948,0.11274
2020-04-05,lockdown,0.15449,0.13547,0.12228,0.06345,0.09068,0.13217,0.19011,0.11135
2020-04-06,lockdown,0.15317,0.13282,0.12663,0.06083,0.09383,0.13622,0.18861,0.10788
2020-04-07,lockdown,0.13622,0.13257,0.13659,0.06489,0.08285,0.14889,0.18604,0.11196
2020-04-08,lockdown,0.14066,0.13278,0.13656,0.06792,0.09484,0.13627,0.1694,0.12158
2020-04-09,lockdown,0.14962,0.12196,0.13073,0.06638,0.09678,0.13967,0.18251,0.11234
2020-04-10,lockdown,0.15833,0.13458,0.12725,0.06242,0.0928,0.13056,0.18326,0.1108
2020-04-11,lockdown,0.15414,0.13372,0.12549,0.06968,0.09855,0.13795,0.17571,0.10477
2020-04-12,lockdown,0.14583,0.12692,0.13342,0.06636,0.09047,0.13667,0.18527,0.11506
2020-04-13,lockdown,0.15042,0.12353,0.12167,0.0704,0.09606,0.13934,0.182,0.11657
2020-04-14,lockdown,0.13866,0.13155,0.13312,0.06549,0.09485,0.13712,0.18582,0.1134
2020-04-15,lockdown,0.14468,0.13162,0.1247,0.06494,0.09633,0.13688,0.18894,0.1119
2020-04-16,lockdown,0.15988,0.1198,0.12718,0.06454,0.09164,0.12884,0.19462,0.11351
2020-04-17,lockdown,0.14539,0.12404,0.12324,0.06633,0.09385,0.13359,0.20563,0.10793
2020-04-18,lockdown,0.15147,0.13145,0.11969,0.06626,0.08948,0.13769,0.18551,0.11845
2020-04-19,lockdown,0.1464,0.12963,0.13464,0.06511,0.09059,0.14451,0.18049,0.10863
2020-04-20,lockdown,0.16007,0.13222,0.12362,0.0679,0.08532,0.14042,0.1784,0.11206
2020-04-21,lockdown,0.14266,0.12377,0.13533,0.06441,0.09492,0.14273,0.18729,0.1089
2020-04-22,lockdown,0.14506,0.12003,0.12252,0.06922,0.08083,0.1464,0.1897,0.12624
2020-04-23,lockdown,0.14733,0.13195,0.11502,0.06263,0.09497,0.13563,0.19431,0.11815
2020-04-24,lockdown,0.15037,0.13569,0.13284,0.06847,0.08809,0.13212,0.17558,0.11683
2020-04-25,lockdown,0.14893,0.12789,0.12087,0.07075,0.09644,0.13519,0.19396,0.10596
2020-04-26,lockdown,0.15475,0.135,0.12446,0.06537,0.09011,0.12584,0.1935,0.11099
2020-04-27,lockdown,0.14666,0.13554,0.12359,0.06538,0.09625,0.14287,0.17801,0.11171
2020-04-28,lockdown,0.14714,0.12838,0.12615,0.0639,0.09647,0.12699,0.19642,0.11456
2020-04-29,lockdown,0.14818,0.13731,0.12733,0.06761,0.08068,0.12826,0.19328,0.11735
2020-04-30,lockdown,0.13741,0.12926,0.12308,0.06542,0.09487,0.13325,0.19469,0.12202
2020-05-01,lockdown,0.14445,0.14102,0.12181,0.06496,0.10263,0.13621,0.17925,0.10968
2020-05-02,lockdown,0.15986,0.13092,0.12993,0.06483,0.09057,0.1337,0.1779,0.11229
2020-05-03,lockdown,0.14914,0.13724,0.12537,0.06643,0.09641,0.14277,0.17432,0.10833
2020-05-04,lockdown,0.15535,0.13367,0.12179,0.06334,0.09155,0.13848,0.18112,0.1147
2020-05-05,lockdown,0.15413,0.13965,0.12611,0.06937,0.09595,0.13792,0.16626,0.11061
2020-05-06,lockdown,0.16122,0.12314,0.13559,0.0632,0.08682,0.14474,0.17889,0.1064
2020-05-07,lockdown,0.15125,0.12563,0.12816,0.06499,0.09174,0.1349,0.19171,0.11161
2020-05-08,lockdown,0.14639,0.1319,0.12023,0.06791,0.10079,0.13403,0.17981,0.11894
2020-05-09,lockdown,0.14786,0.13334,0.12558,0.06788,0.0964,0.14109,0.17766,0.11017
2020-05-10,lockdown,0.1503,0.13043,0.12676,0.06719,0.09225,0.13276,0.18697,0.11332
2020-05-11,lockdown,0.14808,0.1302,0.13304,0.06698,0.10128,0.11734,0.18922,0.11387
2020-05-12,lockdown,0.14001,0.13707,0.12844,0.0659,0.09673,0.13588,0.18365,0.11233
2020-05-13,lockdown,0.15146,0.12895,0.12222,0.0645,0.08555,0.13687,0.19839,0.11207
2020-05-14,lockdown,0.15397,0.14305,0.11827,0.05412,0.08846,0.12904,0.19432,0.11877
2020-05-15,lockdown,0.15242,0.14118,0.12027,0.06727,0.09259,0.13145,0.18284,0.11197
2020-05-16,lockdown,0.15157,0.13321,0.12025,0.07137,0.08783,0.14255,0.18101,0.11221
2020-05-17,lockdown,0.15102,0.13773,0.12416,0.06419,0.09131,0.13131,0.18569,0.1146
2020-05-18,lockdown,0.14029,0.1269,0.12617,0.06291,0.093,0.12285,0.20382,0.12406
2020-05-19,lockdown,0.14468,0.1306,0.13067,0.06168,0.08831,0.13109,0.18775,0.12522
2020-05-20,lockdown,0.15439,0.13682,0.11906,0.07585,0.09026,0.13348,0.18024,0.1099
2020-05-21,lockdown,0.15006,0.13681,0.13318,0.06352,0.09165,0.12522,0.19325,0.10632
2020-05-22,lockdown,0.14623,0.12469,0.12457,0.06333,0.10182,0.1536,0.17368,0.11208
2020-05-23,lockdown,0.14384,0.1273,0.12167,0.06723,0.09929,0.13817,0.18121,0.12129
2020-05-24,lockdown,0.1438,0.12641,0.13071,0.06605,0.10093,0.14522,0.179,0.10787
2020-05-25,lockdown,0.13591,0.13665,0.13426,0.06765,0.10004,0.12675,0.18764,0.1111
2020-05-26,lockdown,0.15194,0.12035,0.12154,0.07407,0.09284,0.14277,0.17832,0.11818
2020-05-27,lockdown,0.15183,0.13595,0.12538,0.06821,0.09382,0.14318,0.1708,0.11084
2020-05-28,lockdown,0.14998,0.13816,0.11985,0.06664,0.09559,0.13437,0.18335,0.11206
2020-05-29,lockdown,0.14655,0.13611,0.12094,0.06883,0.08975,0.13459,0.19363,0.1096
2020-05-30,lockdown,0.1425,0.14168,0.12351,0.06666,0.10021,0.14139,0.17459,0.10945
2020-05-31,lockdown,0.15162,0.13951,0.12507,0.06578,0.09204,0.14137,0.17296,0.11165
2020-06-01,lockdown,0.13614,0.13191,0.12286,0.06541,0.08827,0.14743,0.18994,0.11804
2020-06-02,lockdown,0.14579,0.14085,0.1312,0.06827,0.08941,0.13766,0.18095,0.10587
2020-06-03,lockdown,0.14622,0.13622,0.12363,0.06849,0.09885,0.13809,0.17648,0.11201
2020-06-04,lockdown,0.15357,0.13066,0.11657,0.07067,0.09892,0.1385,0.18037,0.11073
2020-06-05,lockdown,0.14064,0.12807,0.12211,0.06552,0.09389,0.1415,0.19086,0.1174
2020-06-06,lockdown,0.14089,0.12888,0.1357,0.06725,0.09044,0.1375,0.18147,0.11786
2020-06-07,lockdown,0.14216,0.13036,0.11934,0.06683,0.10087,0.12312,0.20085,0.11648
2020-06-08,lockdown,0.14989,0.13438,0.12661,0.06376,0.09378,0.13393,0.18022,0.11744
2020-06-09,lockdown,0.13999,0.13443,0.12266,0.06262,0.09118,0.14434,0.19625,0.10854
2020-06-10,lockdown,0.14778,0.13306,0.12029,0.06875,0.1004,0.13316,0.1864,0.11016
2020-06-11,lockdown,0.14806,0.13835,0.12631,0.06459,0.09451,0.13759,0.17802,0.11256
2020-06-12,lockdown,0.13501,0.13597,0.13096,0.06414,0.09274,0.1332,0.19006,0.11792
2020-06-13,lockdown,0.14296,0.13616,0.13285,0.06873,0.09486,0.12147,0.18406,0.11891
2020-06-14,lockdown,0.14745,0.13645,0.12275,0.07108,0.09595,0.12957,0.17456,0.1222
2020-06-15,lockdown,0.15888,0.12419,0.11521,0.07026,0.09789,0.13576,0.17674,0.12108
2020-06-16,lockdown,0.14623,0.12273,0.12526,0.07048,0.09698,0.13007,0.20152,0.10674
2020-06-17,lockdown,0.14202,0.13337,0.12578,0.07516,0.09446,0.12696,0.18898,0.11327
2020-06-18,lockdown,0.13875,0.13394,0.12887,0.0739,0.1081,0.13111,0.17818,0.10714
2020-06-19,lockdown,0.15396,0.13918,0.11216,0.06757,0.1051,0.13794,0.17708,0.10699
2020-06-20,lockdown,0.14428,0.13547,0.12207,0.07378,0.10434,0.12543,0.17479,0.11984
2020-06-21,lockdown,0.1465,0.13933,0.12591,0.07511,0.09098,0.1344,0.18312,0.10465
2020-06-22,lockdown,0.1434,0.14116,0.13133,0.07147,0.10208,0.13507,0.16642,0.10908
2020-06-23,lockdown,0.15338,0.13123,0.12498,0.07823,0.0969,0.12771,0.1833,0.10427
2020-06-24,lockdown,0.15477,0.13181,0.13091,0.08088,0.09826,0.12365,0.16484,0.11488
2020-06-25,lockdown,0.15589,0.13092,0.12743,0.07698,0.10028,0.12409,0.17488,0.10952
2020-06-26,lockdown,0.14566,0.13151,0.12316,0.0718,0.10198,0.13407,0.18424,0.10759
2020-06-27,lockdown,0.14898,0.13635,0.11741,0.08076,0.10327,0.12548,0.16762,0.12013
2020-06-28,lockdown,0.14006,0.12931,0.12083,0.08186,0.11411,0.1238,0.17179,0.11823
2020-06-29,lockdown,0.15799,0.12647,0.12264,0.08365,0.09908,0.1225,0.17118,0.1165
2020-06-30,lockdown,0.14341,0.12719,0.12404,0.08184,0.10396,0.12572,0.17697,0.11686
2020-07-01,reopening,0.14836,0.13764,0.13089,0.08236,0.09715,0.12579,0.16123,0.11658
2020-07-02,reopening,0.14666,0.13811,0.13231,0.08512,0.09713,0.12229,0.16393,0.11445
2020-07-03,reopening,0.14496,0.12437,0.12919,0.07933,0.10661,0.1295,0.16903,0.117
2020-07-04,reopening,0.14727,0.13949,0.12543,0.08769,0.10304,0.12582,0.15416,0.11709
2020-07-05,reopening,0.14061,0.12548,0.12882,0.08449,0.10638,0.12558,0.17152,0.11711
2020-07-06,reopening,0.14686,0.12507,0.13034,0.08116,0.10579,0.13563,0.15551,0.11962
2020-07-07,reopening,0.14978,0.14525,0.13159,0.08484,0.09823,0.11971,0.15698,0.11363
2020-07-08,reopening,0.14213,0.13564,0.12267,0.08901,0.11097,0.11283,0.16177,0.12497
2020-07-09,reopening,0.15353,0.13828,0.12697,0.09161,0.09851,0.11323,0.16677,0.11111
2020-07-10,reopening,0.15113,0.13594,0.13209,0.08787,0.10455,0.10794,0.16619,0.11429
2020-07-11,reopening,0.14443,0.14917,0.12272,0.09498,0.10657,0.11414,0.1467,0.1213
2020-07-12,reopening,0.14418,0.14019,0.12463,0.09602,0.10782,0.1157,0.15332,0.11815
2020-07-13,reopening,0.15046,0.13417,0.12668,0.08776,0.10606,0.11932,0.15691,0.11863
2020-07-14,reopening,0.15594,0.13586,0.1224,0.08674,0.10799,0.11552,0.15703,0.11851
2020-07-15,reopening,0.14806,0.1301,0.13636,0.08662,0.10882,0.11516,0.15146,0.12342
2020-07-16,reopening,0.14699,0.12655,0.13477,0.09218,0.12071,0.11722,0.14749,0.11409
2020-07-17,reopening,0.14982,0.13555,0.13147,0.09526,0.10473,0.11221,0.14413,0.12683
2020-07-18,reopening,0.14614,0.13534,0.12731,0.10309,0.10408,0.11297,0.1559,0.11516
2020-07-19,reopening,0.14717,0.14414,0.1409,0.09397,0.10477,0.11134,0.14867,0.10904
2020-07-20,reopening,0.15557,0.14037,0.12382,0.1032,0.10284,0.11294,0.14514,0.11612
2020-07-21,reopening,0.14646,0.14238,0.13485,0.09012,0.10252,0.12039,0.14588,0.11739
2020-07-22,reopening,0.1515,0.13441,0.12465,0.10169,0.10061,0.11907,0.15115,0.11692
2020-07-23,reopening,0.14427,0.15242,0.1138,0.09638,0.12171,0.11509,0.14169,0.11464
2020-07-24,reopening,0.16181,0.13356,0.11964,0.09602,0.11138,0.11514,0.1525,0.10994
2020-07-25,reopening,0.15136,0.13975,0.13304,0.09845,0.10641,0.11546,0.13112,0.1244
2020-07-26,reopening,0.15055,0.1345,0.13012,0.10378,0.10477,0.1111,0.15142,0.11376
2020-07-27,reopening,0.15133,0.13112,0.12357,0.0938,0.11172,0.11427,0.15897,0.11522
2020-07-28,reopening,0.14606,0.13773,0.12117,0.1014,0.10946,0.11945,0.15182,0.11291
2020-07-29,reopening,0.13923,0.14861,0.13491,0.10177,0.109,0.11216,0.1392,0.1151
2020-07-30,reopening,0.14112,0.12709,0.12208,0.10033,0.1046,0.11845,0.16505,0.12129
2020-07-31,reopening,0.16395,0.13463,0.12189,0.09803,0.11068,0.11262,0.1413,0.11691
2020-08-01,reopening,0.14752,0.14389,0.12101,0.10731,0.1086,0.11884,0.14131,0.11152
2020-08-02,reopening,0.15464,0.13644,0.11878,0.0958,0.10915,0.11783,0.14102,0.12634
2020-08-03,reopening,0.14838,0.13475,0.12024,0.09845,0.11494,0.11566,0.14609,0.12149
2020-08-04,reopening,0.15132,0.14363,0.13988,0.09664,0.1025,0.10768,0.15166,0.1067
2020-08-05,reopening,0.15229,0.14597,0.12124,0.09769,0.11867,0.11112,0.14255,0.11047
2020-08-06,reopening,0.16725,0.13123,0.13227,0.1063,0.10979,0.10447,0.14041,0.10828
2020-08-07,reopening,0.14791,0.13497,0.14068,0.09183,0.11341,0.10496,0.15284,0.11341
2020-08-08,reopening,0.14644,0.13887,0.13399,0.0897,0.1106,0.11054,0.14674,0.12312
2020-08-09,reopening,0.15044,0.13854,0.11998,0.09352,0.12051,0.11222,0.14139,0.12339
2020-08-10,reopening,0.14931,0.1232,0.14225,0.09559,0.11115,0.11244,0.14809,0.11796
2020-08-11,reopening,0.15635,0.14056,0.12119,0.1004,0.10823,0.11489,0.13758,0.1208
2020-08-12,reopening,0.16718,0.13224,0.11639,0.10029,0.11309,0.10836,0.14391,0.11854
2020-08-13,reopening,0.14337,0.13711,0.12872,0.11171,0.11764,0.10568,0.13942,0.11634
2020-08-14,reopening,0.15426,0.14409,0.12011,0.10239,0.1088,0.11223,0.13897,0.11914
2020-08-15,reopening,0.16781,0.14185,0.12605,0.0971,0.10109,0.10579,0.14068,0.11964
2020-08-16,reopening,0.15708,0.14203,0.12639,0.09726,0.11703,0.11198,0.1411,0.10713
2020-08-17,reopening,0.15325,0.14194,0.12882,0.10442,0.11233,0.10749,0.13978,0.11198
2020-08-18,reopening,0.14802,0.14032,0.12548,0.09941,0.10766,0.11501,0.14601,0.11808
2020-08-19,reopening,0.14638,0.14151,0.13866,0.09951,0.10967,0.11172,0.13273,0.11982
2020-08-20,reopening,0.14644,0.13917,0.13479,0.08876,0.11404,0.12266,0.1394,0.11474
2020-08-21,reopening,0.14842,0.14054,0.13573,0.09653,0.10125,0.12352,0.13755,0.11645
2020-08-22,reopening,0.14748,0.14228,0.13488,0.09368,0.10105,0.11712,0.15525,0.10824
2020-08-23,reopening,0.1452,0.12893,0.13237,0.09842,0.1256,0.11489,0.14114,0.11346
2020-08-24,reopening,0.15286,0.12287,0.13141,0.10513,0.11214,0.10398,0.15818,0.11343
2020-08-25,reopening,0.15593,0.14456,0.12969,0.0975,0.1069,0.10965,0.13777,0.11802
2020-08-26,reopening,0.15394,0.14096,0.12124,0.09732,0.10373,0.11744,0.15209,0.11328
2020-08-27,reopening,0.14972,0.13549,0.13709,0.10605,0.12072,0.10194,0.13619,0.1128
2020-08-28,reopening,0.149,0.14105,0.12661,0.10372,0.1168,0.10806,0.14161,0.11314
2020-08-29,reopening,0.15488,0.13669,0.13343,0.10345,0.1155,0.10401,0.13391,0.11812
2020-08-30,reopening,0.1567,0.13257,0.12633,0.10506,0.10621,0.1076,0.14106,0.12447
2020-08-31,reopening,0.13676,0.13282,0.1328,0.10485,0.11241,0.11072,0.14802,0.12162
2020-09-01,reopening,0.13985,0.1407,0.12922,0.10036,0.1104,0.108,0.15535,0.11613
2020-09-02,reopening,0.14616,0.14161,0.13604,0.10225,0.10284,0.11633,0.13772,0.11705
2020-09-03,reopening,0.14898,0.13231,0.13106,0.10022,0.10877,0.11986,0.14388,0.11492
2020-09-04,reopening,0.15106,0.14393,0.12721,0.09997,0.11714,0.10884,0.1376,0.11424
2020-09-05,reopening,0.15298,0.12682,0.14238,0.1006,0.11214,0.10798,0.13873,0.11837
2020-09-06,reopening,0.1466,0.14555,0.12673,0.10026,0.10569,0.11231,0.14401,0.11886
2020-09-07,reopening,0.16141,0.12445,0.12363,0.10363,0.10578,0.10845,0.14095,0.1317
2020-09-08,reopening,0.14939,0.13379,0.13406,0.10458,0.11243,0.10935,0.14238,0.11401
2020-09-09,reopening,0.14492,0.12866,0.13174,0.10358,0.11521,0.11268,0.14487,0.11834
2020-09-10,reopening,0.14163,0.15511,0.13404,0.09163,0.10882,0.10812,0.14549,0.11517
2020-09-11,reopening,0.14885,0.14389,0.13127,0.10273,0.11234,0.10791,0.14148,0.11153
2020-09-12,reopening,0.16439,0.12687,0.13444,0.10281,0.10805,0.11408,0.14298,0.10639
2020-09-13,reopening,0.15332,0.1275,0.13407,0.10998,0.10505,0.11421,0.14011,0.11577
2020-09-14,reopening,0.15647,0.12834,0.12778,0.0992,0.11349,0.1101,0.14044,0.12419
2020-09-15,reopening,0.14777,0.12695,0.14231,0.10124,0.11529,0.11624,0.14034,0.10987
2020-09-16,reopening,0.14659,0.14152,0.13505,0.10443,0.11447,0.10796,0.13015,0.11984
2020-09-17,reopening,0.14956,0.13446,0.1422,0.10207,0.11563,0.10546,0.13346,0.11716
2020-09-18,reopening,0.14824,0.12958,0.12162,0.10735,0.10612,0.11516,0.1479,0.12403
2020-09-19,reopening,0.15971,0.13758,0.12215,0.10208,0.11308,0.11248,0.1387,0.11423
2020-09-20,reopening,0.15178,0.13012,0.125,0.10355,0.10867,0.12297,0.13972,0.11819
2020-09-21,reopening,0.15677,0.14597,0.1433,0.09462,0.1118,0.10156,0.1291,0.11688
2020-09-22,reopening,0.15148,0.12273,0.13765,0.09902,0.1177,0.10824,0.14565,0.11753
2020-09-23,reopening,0.13763,0.13848,0.13098,0.10748,0.11275,0.11521,0.1523,0.10517
2020-09-24,reopening,0.15271,0.14659,0.12788,0.09698,0.11347,0.1126,0.13644,0.11333
2020-09-25,reopening,0.15256,0.13093,0.12054,0.10409,0.12031,0.11106,0.14039,0.12012
2020-09-26,reopening,0.14988,0.15634,0.11636,0.10096,0.11971,0.10754,0.13488,0.11434
2020-09-27,reopening,0.14629,0.13169,0.13183,0.09887,0.11696,0.11222,0.14404,0.11811
2020-09-28,reopening,0.15387,0.13539,0.12366,0.1053,0.12072,0.10795,0.14224,0.11088
2020-09-29,reopening,0.15653,0.13638,0.13147,0.09818,0.10866,0.11296,0.14163,0.11419
2020-09-30,reopening,0.15714,0.12933,0.13428,0.09746,0.1128,0.11425,0.14348,0.11126
2020-10-01,reopening,0.15135,0.13387,0.12774,0.10419,0.10738,0.11267,0.14355,0.11926
2020-10-02,reopening,0.1412,0.13431,0.13701,0.10447,0.12202,0.1024,0.14553,0.11306
2020-10-03,reopening,0.14126,0.12487,0.129,0.10462,0.12779,0.11331,0.14395,0.1152
2020-10-04,reopening,0.1669,0.14465,0.12561,0.09639,0.10885,0.10248,0.14132,0.1138
2020-10-05,reopening,0.14284,0.12956,0.13319,0.09445,0.10911,0.12253,0.1529,0.11542
2020-10-06,reopening,0.15534,0.13362,0.12788,0.10005,0.11702,0.11515,0.13919,0.11176
2020-10-07,reopening,0.14402,0.13646,0.12311,0.10592,0.11168,0.10913,0.14567,0.12401
2020-10-08,reopening,0.15698,0.13544,0.12816,0.09295,0.11287,0.10558,0.14479,0.12323
2020-10-09,reopening,0.15845,0.15129,0.11904,0.10863,0.10785,0.10398,0.14358,0.10718
2020-10-10,reopening,0.16198,0.1257,0.1253,0.10079,0.11787,0.09859,0.14849,0.12129
2020-10-11,reopening,0.1667,0.1533,0.12711,0.08982,0.10261,0.10343,0.14514,0.1119
2020-10-12,reopening,0.16791,0.13876,0.14034,0.09086,0.10637,0.10373,0.14471,0.10732
2020-10-13,reopening,0.14359,0.13813,0.13176,0.11049,0.10386,0.11384,0.14578,0.11255
2020-10-14,reopening,0.15287,0.12871,0.12772,0.10614,0.11185,0.11716,0.14043,0.11512
2020-10-15,reopening,0.14954,0.13536,0.12209,0.10031,0.11041,0.11266,0.14702,0.1226
2020-10-16,reopening,0.14239,0.1341,0.1391,0.09658,0.10927,0.11031,0.15011,0.11814
2020-10-17,reopening,0.13926,0.13746,0.12339,0.10628,0.11098,0.11505,0.15532,0.11228
2020-10-18,reopening,0.15193,0.12972,0.13204,0.10136,0.11136,0.10898,0.1494,0.1152
2020-10-19,reopening,0.14989,0.14461,0.12681,0.10025,0.12875,0.09832,0.14085,0.11052
2020-10-20,reopening,0.14545,0.14447,0.12914,0.10293,0.10897,0.10735,0.14521,0.11648
2020-10-21,reopening,0.15271,0.13566,0.13415,0.09718,0.11858,0.11244,0.13833,0.11094
2020-10-22,reopening,0.16324,0.13103,0.14372,0.08952,0.12019,0.10407,0.13124,0.11699
2020-10-23,reopening,0.16365,0.12905,0.12598,0.09358,0.11351,0.11318,0.15163,0.10943
2020-10-24,reopening,0.14838,0.13247,0.12363,0.10056,0.10942,0.11197,0.15858,0.11498
2020-10-25,reopening,0.14533,0.13821,0.12418,0.10721,0.11349,0.11451,0.14661,0.11047
2020-10-26,reopening,0.13661,0.13714,0.13481,0.09866,0.10988,0.12113,0.14592,0.11586
2020-10-27,reopening,0.15939,0.13673,0.13611,0.10104,0.10642,0.10979,0.14093,0.10958
2020-10-28,reopening,0.1364,0.13857,0.13334,0.09318,0.11155,0.11504,0.15273,0.11919
2020-10-29,reopening,0.15028,0.13422,0.1287,0.10011,0.11516,0.11488,0.1338,0.12286
2020-10-30,reopening,0.15661,0.13286,0.12593,0.10415,0.11474,0.11004,0.14333,0.11234
2020-10-31,reopening,0.15513,0.13755,0.1302,0.09839,0.11525,0.10753,0.13719,0.11877
2020-11-01,reopening,0.15435,0.11974,0.13099,0.09466,0.11501,0.12266,0.14371,0.11887
2020-11-02,reopening,0.15202,0.13271,0.13177,0.09649,0.10818,0.11364,0.1412,0.124
2020-11-03,reopening,0.15454,0.14026,0.12512,0.10065,0.11037,0.10541,0.14738,0.11626
2020-11-04,reopening,0.15099,0.13853,0.11793,0.10089,0.11701,0.11384,0.14101,0.1198
2020-11-05,reopening,0.15328,0.13041,0.12742,0.10429,0.10987,0.11459,0.14504,0.1151
2020-11-06,reopening,0.15401,0.14399,0.13012,0.10034,0.10855,0.10942,0.14134,0.11223
2020-11-07,reopening,0.13767,0.13614,0.13147,0.09386,0.1178,0.11116,0.14502,0.12689
2020-11-08,reopening,0.15625,0.13575,0.12598,0.09841,0.10938,0.12088,0.13369,0.11965
2020-11-09,reopening,0.14027,0.13519,0.11839,0.10023,0.11715,0.10766,0.15199,0.12912
2020-11-10,reopening,0.138,0.13561,0.13238,0.1002,0.11705,0.1183,0.13691,0.12155
2020-11-11,reopening,0.14184,0.13808,0.13098,0.10139,0.10471,0.12511,0.13592,0.12197
2020-11-12,reopening,0.15484,0.12206,0.12281,0.10417,0.11527,0.11301,0.14688,0.12096
2020-11-13,reopening,0.14685,0.14566,0.126,0.10622,0.10508,0.10848,0.14189,0.11981
2020-11-14,reopening,0.14478,0.12837,0.12225,0.11022,0.09953,0.12153,0.15074,0.12257
2020-11-15,reopening,0.14656,0.13528,0.13222,0.09597,0.11468,0.11155,0.14763,0.11611
2020-11-16,reopening,0.15469,0.13269,0.13855,0.10676,0.11294,0.10091,0.1397,0.11375
2020-11-17,reopening,0.16248,0.13224,0.14674,0.09704,0.09651,0.10437,0.14202,0.1186
2020-11-18,reopening,0.13962,0.14155,0.14244,0.10224,0.10408,0.11175,0.13898,0.11933
2020-11-19,reopening,0.15051,0.13661,0.13346,0.10831,0.11497,0.10423,0.14415,0.10777
2020-11-20,reopening,0.1544,0.14276,0.12399,0.10127,0.12253,0.10216,0.14253,0.11034
2020-11-21,reopening,0.15774,0.13131,0.13011,0.0939,0.11034,0.11362,0.14585,0.11713
2020-11-22,reopening,0.1542,0.14259,0.12605,0.09675,0.11937,0.10971,0.13573,0.11558
2020-11-23,reopening,0.14354,0.13526,0.12491,0.10453,0.10601,0.11137,0.14859,0.12578
2020-11-24,reopening,0.15569,0.13836,0.12798,0.10579,0.10568,0.10899,0.14228,0.11522
2020-11-25,reopening,0.14091,0.13659,0.12041,0.10392,0.12413,0.11294,0.13826,0.12285
2020-11-26,reopening,0.15449,0.1252,0.13456,0.09512,0.11169,0.11776,0.14836,0.11282
2020-11-27,reopening,0.15116,0.13115,0.12502,0.09565,0.12544,0.11156,0.14582,0.11421
2020-11-28,reopening,0.14286,0.13688,0.13007,0.10243,0.10266,0.1134,0.14712,0.12458
2020-11-29,reopening,0.16397,0.13769,0.12284,0.1046,0.09819,0.11381,0.1405,0.11841
2020-11-30,reopening,0.15377,0.14097,0.13102,0.0905,0.11569,0.11285,0.13738,0.11782
2020-12-01,reopening,0.14571,0.14952,0.1254,0.10026,0.1159,0.10498,0.13974,0.11849
2020-12-02,reopening,0.15519,0.14505,0.12279,0.10301,0.1143,0.10589,0.12779,0.12598
2020-12-03,reopening,0.14962,0.13267,0.14381,0.0989,0.11281,0.1055,0.14142,0.11526
2020-12-04,reopening,0.15036,0.12348,0.12411,0.10307,0.1118,0.11153,0.15261,0.12305
2020-12-05,reopening,0.15684,0.1371,0.12189,0.1044,0.11048,0.11631,0.12967,0.12331
2020-12-06,reopening,0.15724,0.13791,0.12794,0.09399,0.10743,0.11407,0.13596,0.12546
2020-12-07,reopening,0.15355,0.13057,0.12841,0.10071,0.11441,0.10138,0.15081,0.12017
2020-12-08,reopening,0.1581,0.1427,0.12846,0.09826,0.10805,0.11687,0.13714,0.11042
2020-12-09,reopening,0.15311,0.13786,0.12635,0.10583,0.12367,0.10746,0.13822,0.1075
2020-12-10,reopening,0.15342,0.12706,0.13275,0.1106,0.11047,0.10644,0.14369,0.11558
2020-12-11,reopening,0.13997,0.12739,0.13879,0.10066,0.12062,0.11343,0.14356,0.11558
2020-12-12,reopening,0.14517,0.14023,0.12568,0.10047,0.10877,0.11385,0.14516,0.12068
2020-12-13,reopening,0.14014,0.13748,0.13007,0.10286,0.11128,0.11459,0.14971,0.11387
2020-12-14,reopening,0.1589,0.12168,0.13019,0.10086,0.10459,0.11621,0.14985,0.11772
2020-12-15,reopening,0.14219,0.13634,0.13333,0.09563,0.1155,0.11955,0.13454,0.12291
2020-12-16,reopening,0.15376,0.14018,0.12662,0.09933,0.10618,0.11408,0.14103,0.11883
2020-12-17,reopening,0.13787,0.13715,0.12668,0.10459,0.11446,0.11194,0.14668,0.12063
2020-12-18,reopening,0.16183,0.13635,0.12234,0.10666,0.10876,0.11177,0.14037,0.11193
2020-12-19,reopening,0.14049,0.13965,0.13074,0.09159,0.11767,0.11082,0.15202,0.11702
2020-12-20,reopening,0.15051,0.1304,0.13245,0.10651,0.11441,0.11116,0.1402,0.11435
2020-12-21,reopening,0.14867,0.13379,0.12744,0.09762,0.1195,0.11275,0.15018,0.11004
2020-12-22,reopening,0.15108,0.13823,0.13325,0.10915,0.10997,0.10871,0.1399,0.1097
2020-12-23,reopening,0.14995,0.13211,0.13391,0.09364,0.10776,0.11769,0.14542,0.11953
2020-12-24,reopening,0.16946,0.13305,0.12902,0.10332,0.10811,0.10277,0.13345,0.12082
2020-12-25,reopening,0.1456,0.131,0.12535,0.10819,0.10423,0.11255,0.15835,0.11474
2020-12-26,reopening,0.1469,0.14697,0.12394,0.09796,0.11341,0.10736,0.14918,0.11427
2020-12-27,reopening,0.157,0.12527,0.13675,0.10835,0.10547,0.10996,0.13747,0.11972
2020-12-28,reopening,0.14585,0.13198,0.13783,0.10342,0.10829,0.10807,0.15072,0.11385
2020-12-29,reopening,0.15165,0.14041,0.13367,0.09591,0.11283,0.10898,0.13717,0.11937
2020-12-30,reopening,0.15451,0.14498,0.13428,0.09906,0.10643,0.10447,0.15311,0.10316
2020-12-31,reopening,0.15641,0.13656,0.13144,0.09588,0.10689,0.10656,0.14804,0.11823
2021-01-01,reopening,0.13479,0.14207,0.13568,0.09542,0.11614,0.1099,0.1507,0.11531
2021-01-02,reopening,0.14637,0.13259,0.11674,0.09857,0.11031,0.11651,0.16017,0.11875
2021-01-03,reopening,0.14567,0.1493,0.12286,0.09784,0.10766,0.11497,0.14298,0.11872
2021-01-04,reopening,0.14222,0.14849,0.12579,0.10575,0.10871,0.11169,0.14844,0.10891
2021-01-05,reopening,0.15946,0.14216,0.12345,0.10556,0.11477,0.10177,0.13631,0.11651
2021-01-06,reopening,0.15351,0.13567,0.12671,0.09252,0.11921,0.11885,0.13803,0.1155
2021-01-07,reopening,0.15575,0.12967,0.11897,0.10054,0.11328,0.11836,0.14146,0.12197
2021-01-08,reopening,0.14757,0.12982,0.12389,0.11004,0.10492,0.12561,0.14341,0.11473
2021-01-09,reopening,0.14793,0.14169,0.12862,0.10063,0.10732,0.11439,0.1404,0.11902
2021-01-10,reopening,0.1508,0.13881,0.13404,0.09453,0.11025,0.1169,0.13689,0.11778
2021-01-11,reopening,0.15902,0.12814,0.12615,0.10175,0.10055,0.11433,0.15203,0.11803
2021-01-12,reopening,0.1382,0.14716,0.13008,0.09892,0.10055,0.12007,0.14674,0.11827
2021-01-13,reopening,0.15457,0.1513,0.12376,0.08797,0.10567,0.11272,0.14446,0.11954
2021-01-14,reopening,0.15645,0.13663,0.13253,0.09193,0.11201,0.10507,0.14892,0.11646
2021-01-15,reopening,0.14808,0.13512,0.1318,0.10362,0.12308,0.11071,0.13289,0.11471
2021-01-16,reopening,0.15548,0.13118,0.12222,0.09728,0.12062,0.11632,0.14092,0.11598
2021-01-17,reopening,0.15251,0.12625,0.12588,0.10098,0.11584,0.1174,0.14811,0.11302
2021-01-18,reopening,0.14782,0.13896,0.13334,0.10094,0.10981,0.11418,0.13724,0.1177
2021-01-19,reopening,0.1595,0.13108,0.12656,0.10058,0.10996,0.11419,0.15045,0.10768
2021-01-20,reopening,0.16646,0.12772,0.12504,0.09969,0.10811,0.10111,0.148,0.12386
2021-01-21,reopening,0.15126,0.13428,0.12901,0.09643,0.11575,0.11648,0.14505,0.11173
2021-01-22,reopening,0.15926,0.13857,0.11811,0.10098,0.11495,0.11228,0.13973,0.11613
2021-01-23,reopening,0.1563,0.12948,0.11742,0.10153,0.11174,0.11446,0.15397,0.11509
2021-01-24,reopening,0.15427,0.14747,0.12646,0.09776,0.11638,0.10376,0.14067,0.11324
2021-01-25,reopening,0.1505,0.13086,0.12961,0.098,0.10388,0.11626,0.15339,0.11749
2021-01-26,reopening,0.1538,0.14648,0.12908,0.09427,0.11569,0.11193,0.14099,0.10776
2021-01-27,reopening,0.14612,0.13109,0.14035,0.09402,0.11686,0.11393,0.13743,0.12021
2021-01-28,reopening,0.14377,0.13501,0.14414,0.09692,0.11173,0.10543,0.14329,0.11971
2021-01-29,reopening,0.15518,0.12912,0.12284,0.10752,0.11452,0.11172,0.14167,0.11744
2021-01-30,reopening,0.15037,0.13798,0.12295,0.09258,0.10901,0.11658,0.14748,0.12306
2021-01-31,reopening,0.14995,0.12626,0.12484,0.10433,0.11146,0.10788,0.14442,0.13085
2021-02-01,reopening,0.16739,0.12945,0.12126,0.09586,0.11395,0.11164,0.14184,0.1186
2021-02-02,reopening,0.13423,0.15364,0.14179,0.1008,0.10816,0.10971,0.1415,0.11017
2021-02-03,reopening,0.14278,0.14523,0.13123,0.10699,0.11037,0.10578,0.14776,0.10985
2021-02-04,reopening,0.16252,0.13189,0.13112,0.10984,0.10422,0.1125,0.14166,0.10626
2021-02-05,reopening,0.14623,0.14203,0.1294,0.08968,0.11189,0.11406,0.13602,0.13068
2021-02-06,reopening,0.15447,0.14103,0.13204,0.09446,0.11233,0.10997,0.13974,0.11596
2021-02-07,reopening,0.14224,0.12726,0.12959,0.11126,0.11205,0.1122,0.15384,0.11158
2021-02-08,reopening,0.16198,0.14626,0.1298,0.09698,0.11223,0.10194,0.1423,0.10851
2021-02-09,reopening,0.1541,0.13214,0.12492,0.09974,0.10629,0.11942,0.14252,0.12088
2021-02-10,reopening,0.14153,0.15169,0.12715,0.10763,0.10878,0.10772,0.13774,0.11776
2021-02-11,reopening,0.13788,0.13829,0.13577,0.10544,0.1043,0.10352,0.1537,0.12111
2021-02-12,reopening,0.14111,0.14322,0.12694,0.09876,0.11168,0.11393,0.13824,0.1261
2021-02-13,reopening,0.14761,0.1396,0.1295,0.10573,0.10734,0.1068,0.14239,0.12103
2021-02-14,reopening,0.14655,0.13481,0.12704,0.10109,0.10499,0.12047,0.15041,0.11464
2021-02-15,reopening,0.1441,0.12852,0.12708,0.09734,0.1047,0.10829,0.16335,0.12662
2021-02-16,reopening,0.15192,0.12813,0.12268,0.10258,0.12164,0.11618,0.13672,0.12014
2021-02-17,reopening,0.16203,0.13804,0.1175,0.10854,0.1096,0.1009,0.13771,0.12568
2021-02-18,reopening,0.15265,0.13243,0.12911,0.11107,0.11232,0.10773,0.14475,0.10994
2021-02-19,reopening,0.14503,0.13142,0.13537,0.09798,0.11152,0.1143,0.13813,0.12625
2021-02-20,reopening,0.14908,0.12633,0.13507,0.09829,0.11034,0.11627,0.14895,0.11568
2021-02-21,reopening,0.14277,0.12572,0.13294,0.09824,0.10652,0.11315,0.1561,0.12456
2021-02-22,reopening,0.151,0.1431,0.12369,0.11137,0.11368,0.10885,0.13391,0.11439
2021-02-23,reopening,0.15,0.12906,0.13089,0.10885,0.12037,0.10729,0.14,0.11354
2021-02-24,reopening,0.14802,0.14306,0.12757,0.10562,0.10905,0.1104,0.14013,0.11615
2021-02-25,reopening,0.15697,0.13026,0.13586,0.1004,0.1057,0.11146,0.14648,0.11287
2021-02-26,reopening,0.1419,0.12367,0.14229,0.09756,0.11653,0.11799,0.14413,0.11593
2021-02-27,reopening,0.14409,0.13277,0.12321,0.10596,0.11458,0.11522,0.1418,0.12238
2021-02-28,reopening,0.15847,0.1324,0.12755,0.11007,0.10018,0.10539,0.14478,0.12116
2021-03-01,reopening,0.14625,0.13274,0.12519,0.10879,0.10622,0.11853,0.14978,0.11251
2021-03-02,reopening,0.15141,0.1381,0.13011,0.0956,0.11171,0.10895,0.14065,0.12348
2021-03-03,reopening,0.14782,0.14255,0.13154,0.10209,0.11191,0.11437,0.13697,0.11274
2021-03-04,reopening,0.1604,0.14095,0.12146,0.0982,0.10889,0.11042,0.13514,0.12455
2021-03-05,reopening,0.14477,0.13622,0.12585,0.09665,0.11231,0.10534,0.1639,0.11495
2021-03-06,reopening,0.16529,0.1269,0.13764,0.09406,0.11859,0.10923,0.13931,0.10899
2021-03-07,reopening,0.15682,0.12757,0.12626,0.10766,0.1051,0.11311,0.14336,0.12013
2021-03-08,reopening,0.14255,0.1382,0.14107,0.09354,0.10872,0.10698,0.14652,0.12242
2021-03-09,reopening,0.15695,0.13401,0.11851,0.10278,0.11348,0.11501,0.14099,0.11827
2021-03-10,reopening,0.1612,0.13513,0.12586,0.09732,0.11192,0.11458,0.13919,0.1148
2021-03-11,reopening,0.15915,0.14298,0.12322,0.09599,0.11452,0.10399,0.1429,0.11723
2021-03-12,reopening,0.1501,0.14435,0.11762,0.09692,0.11071,0.12076,0.14035,0.1192
2021-03-13,reopening,0.15131,0.14153,0.1277,0.1032,0.11087,0.10882,0.14173,0.11484
2021-03-14,reopening,0.1493,0.13338,0.12796,0.09584,0.10875,0.11527,0.13882,0.13068
2021-03-15,reopening,0.14271,0.13483,0.12936,0.0988,0.11741,0.11341,0.14641,0.11708
2021-03-16,reopening,0.15811,0.13986,0.11966,0.09757,0.10569,0.12101,0.14861,0.10949
2021-03-17,reopening,0.14989,0.1429,0.13588,0.09226,0.11162,0.1146,0.13904,0.11381
2021-03-18,reopening,0.15542,0.13548,0.12998,0.09229,0.11303,0.11058,0.14356,0.11966
2021-03-19,reopening,0.1434,0.12991,0.13839,0.10156,0.10505,0.12061,0.13774,0.12333
2021-03-20,reopening,0.1517,0.13652,0.13824,0.10617,0.10957,0.10926,0.13807,0.11049
2021-03-21,reopening,0.15674,0.13866,0.12482,0.10071,0.11435,0.10924,0.13987,0.11561
2021-03-22,reopening,0.15258,0.13522,0.13127,0.10573,0.11129,0.10589,0.14326,0.11475
2021-03-23,reopening,0.14102,0.1346,0.12953,0.10431,0.11157,0.11457,0.14507,0.11932
2021-03-24,reopening,0.16464,0.13021,0.13485,0.10142,0.10987,0.10857,0.14172,0.10871
2021-03-25,reopening,0.14241,0.14505,0.1248,0.09864,0.11138,0.11318,0.14646,0.11808
2021-03-26,reopening,0.14202,0.13826,0.13505,0.09929,0.11098,0.11935,0.13682,0.11823
2021-03-27,reopening,0.14776,0.13411,0.12312,0.10891,0.12602,0.11105,0.13522,0.11382
2021-03-28,reopening,0.14513,0.14111,0.12793,0.104,0.1119,0.10534,0.14379,0.1208
2021-03-29,reopening,0.14526,0.13847,0.13019,0.10438,0.11026,0.11554,0.13705,0.11885
2021-03-30,reopening,0.15268,0.13874,0.12592,0.10351,0.11617,0.10926,0.13555,0.11816
2021-03-31,reopening,0.14647,0.13752,0.12346,0.09437,0.11139,0.11241,0.15698,0.11741
2021-04-01,reopening,0.14244,0.13668,0.12518,0.10596,0.11004,0.10948,0.14495,0.12526
2021-04-02,reopening,0.15939,0.13532,0.12739,0.10053,0.10853,0.1103,0.14029,0.11824
2021-04-03,reopening,0.1502,0.13611,0.11707,0.1013,0.11248,0.11014,0.14754,0.12516
2021-04-04,reopening,0.15066,0.134,0.13046,0.0977,0.12341,0.09636,0.15364,0.11377
2021-04-05,reopening,0.14525,0.12908,0.12642,0.10422,0.11898,0.11082,0.14136,0.12387
2021-04-06,reopening,0.15196,0.12841,0.12906,0.0983,0.11951,0.10952,0.15155,0.1117
2021-04-07,reopening,0.1502,0.1353,0.14094,0.10713,0.10163,0.1086,0.12874,0.12747
2021-04-08,reopening,0.1587,0.13822,0.12281,0.10852,0.11043,0.10203,0.14962,0.10968
2021-04-09,reopening,0.1577,0.14335,0.12259,0.09749,0.12109,0.10265,0.14551,0.10962
2021-04-10,reopening,0.15976,0.13227,0.13455,0.10163,0.10761,0.09989,0.14825,0.11604
2021-04-11,reopening,0.15785,0.13615,0.11976,0.10448,0.11015,0.11404,0.1402,0.11736
2021-04-12,reopening,0.15557,0.14597,0.12928,0.099,0.1078,0.10448,0.13837,0.11953
2021-04-13,reopening,0.15782,0.14013,0.12911,0.10396,0.10928,0.11318,0.13327,0.11326
2021-04-14,reopening,0.16589,0.13301,0.13408,0.09597,0.11808,0.1137,0.13283,0.10644
2021-04-15,reopening,0.14232,0.13295,0.12463,0.09333,0.12285,0.1121,0.14058,0.13124
2021-04-16,reopening,0.14969,0.14411,0.12613,0.09676,0.12404,0.10756,0.1381,0.1136
2021-04-17,reopening,0.14906,0.13805,0.12719,0.10474,0.10513,0.10928,0.15069,0.11587
2021-04-18,reopening,0.16179,0.13534,0.11541,0.10115,0.11581,0.10991,0.14629,0.1143
2021-04-19,reopening,0.15321,0.14627,0.12535,0.10408,0.10995,0.10876,0.14761,0.10477
2021-04-20,reopening,0.14399,0.14323,0.12798,0.0948,0.11435,0.10894,0.14464,0.12207
2021-04-21,reopening,0.14871,0.14204,0.12201,0.09322,0.11663,0.1195,0.14609,0.1118
2021-04-22,reopening,0.1517,0.13641,0.12178,0.10149,0.11289,0.11568,0.14543,0.11462
2021-04-23,reopening,0.15406,0.14042,0.12896,0.11135,0.11215,0.10369,0.1307,0.11868
2021-04-24,reopening,0.15144,0.13214,0.13661,0.09948,0.10673,0.10194,0.15674,0.11491
2021-04-25,reopening,0.15174,0.13492,0.12913,0.09913,0.10731,0.11339,0.14818,0.1162
2021-04-26,reopening,0.14837,0.13889,0.12812,0.11042,0.10413,0.11018,0.14845,0.11143
2021-04-27,reopening,0.14934,0.13264,0.13441,0.10286,0.10558,0.10463,0.14829,0.12226
2021-04-28,reopening,0.1456,0.12981,0.13268,0.10119,0.11942,0.11207,0.13433,0.1249
2021-04-29,reopening,0.15428,0.14243,0.11909,0.09826,0.1173,0.11151,0.13837,0.11878
2021-04-30,reopening,0.14449,0.13453,0.131,0.1041,0.1068,0.1127,0.14225,0.12413
2021-05-01,reopening,0.14996,0.13049,0.13746,0.09571,0.10548,0.11493,0.14636,0.1196
2021-05-02,reopening,0.15386,0.13823,0.12923,0.10291,0.11193,0.11026,0.14229,0.11129
2021-05-03,reopening,0.15325,0.13703,0.12445,0.1027,0.11187,0.11102,0.14429,0.11539
2021-05-04,reopening,0.15936,0.12457,0.13731,0.10502,0.1196,0.11745,0.12788,0.10881
2021-05-05,reopening,0.15574,0.13962,0.12258,0.10248,0.1126,0.10801,0.13347,0.12549
2021-05-06,reopening,0.15163,0.14997,0.13413,0.09906,0.11017,0.10773,0.13103,0.11628
2021-05-07,reopening,0.15467,0.14126,0.12124,0.10026,0.09927,0.11704,0.14464,0.12162
2021-05-08,reopening,0.14843,0.13633,0.13216,0.09809,0.10803,0.1205,0.14075,0.11571
2021-05-09,reopening,0.15082,0.1259,0.13464,0.10683,0.11779,0.10672,0.14595,0.11135
2021-05-10,reopening,0.14987,0.13565,0.12714,0.10958,0.10665,0.11469,0.13985,0.11657
2021-05-11,reopening,0.14446,0.13841,0.12892,0.09617,0.11232,0.11289,0.15125,0.11557
2021-05-12,reopening,0.1568,0.12901,0.1341,0.10529,0.10605,0.11678,0.13352,0.11846
2021-05-13,reopening,0.16372,0.12914,0.12309,0.10275,0.1096,0.11553,0.12524,0.13094
2021-05-14,reopening,0.15274,0.14437,0.12734,0.10407,0.10556,0.10091,0.14582,0.11921
2021-05-15,reopening,0.1627,0.12122,0.13363,0.09574,0.11599,0.10724,0.14852,0.11497
2021-05-16,reopening,0.1425,0.1344,0.13317,0.10117,0.11042,0.10489,0.1536,0.11986
2021-05-17,reopening,0.14753,0.13246,0.12446,0.10728,0.11571,0.11116,0.14136,0.12003
2021-05-18,reopening,0.15713,0.12529,0.12919,0.10489,0.11068,0.10973,0.14357,0.11953
2021-05-19,reopening,0.15219,0.1315,0.13573,0.1103,0.10469,0.10741,0.13548,0.1227
2021-05-20,reopening,0.14556,0.13449,0.12767,0.09751,0.11431,0.11864,0.13901,0.12281
2021-05-21,reopening,0.139,0.13191,0.12964,0.09916,0.11702,0.11605,0.15602,0.1112
2021-05-22,reopening,0.15052,0.12628,0.13181,0.09881,0.11274,0.11918,0.14086,0.11979
2021-05-23,reopening,0.13546,0.13818,0.13008,0.09287,0.10897,0.11413,0.15748,0.12283
2021-05-24,reopening,0.14285,0.14473,0.12523,0.1004,0.11329,0.10729,0.14907,0.11715
2021-05-25,reopening,0.1558,0.13344,0.12515,0.10398,0.12457,0.10947,0.13862,0.10898
2021-05-26,reopening,0.14783,0.13612,0.13161,0.10649,0.10633,0.10786,0.14555,0.11821
2021-05-27,reopening,0.15879,0.13442,0.12324,0.09443,0.11665,0.11186,0.142,0.1186
2021-05-28,reopening,0.16087,0.13096,0.12272,0.10127,0.11038,0.111,0.14463,0.11816
2021-05-29,reopening,0.15202,0.14182,0.11926,0.09601,0.10788,0.11562,0.14059,0.12679
2021-05-30,reopening,0.15135,0.14549,0.1267,0.10099,0.11119,0.10486,0.14109,0.11833
2021-05-31,reopening,0.14567,0.13271,0.13609,0.09958,0.11765,0.11204,0.13396,0.1223
2021-06-01,reopening,0.15106,0.13351,0.12609,0.10645,0.10937,0.11618,0.14444,0.11291
2021-06-02,reopening,0.13925,0.1336,0.13936,0.09699,0.11162,0.11601,0.13932,0.12385
2021-06-03,reopening,0.15099,0.13304,0.13348,0.10763,0.10659,0.11028,0.1434,0.11458
2021-06-04,reopening,0.14308,0.14144,0.13657,0.0985,0.10544,0.10907,0.15155,0.11435
2021-06-05,reopening,0.15871,0.1341,0.12432,0.09999,0.11005,0.11287,0.14397,0.11599
2021-06-06,reopening,0.14384,0.13409,0.12911,0.1105,0.11057,0.10602,0.15273,0.11314
2021-06-07,reopening,0.14745,0.14961,0.1211,0.10865,0.11525,0.10188,0.14572,0.11034
2021-06-08,reopening,0.15221,0.13478,0.12847,0.10376,0.11087,0.11074,0.14607,0.1131
2021-06-09,reopening,0.16932,0.13407,0.12969,0.09479,0.10803,0.10738,0.13588,0.12083
2021-06-10,reopening,0.16063,0.13063,0.13209,0.0968,0.11153,0.11517,0.13939,0.11376
2021-06-11,reopening,0.15245,0.13644,0.13837,0.10096,0.10388,0.11165,0.14358,0.11268
2021-06-12,reopening,0.14661,0.1327,0.13172,0.0987,0.11939,0.115,0.13571,0.12017
2021-06-13,reopening,0.1583,0.13191,0.1312,0.09803,0.10856,0.11479,0.14613,0.11109
2021-06-14,reopening,0.15078,0.13366,0.13083,0.10479,0.11417,0.11012,0.13128,0.12437
2021-06-15,reopening,0.15344,0.13525,0.13564,0.10447,0.10483,0.106,0.14256,0.11781
2021-06-16,reopening,0.15107,0.14209,0.12686,0.10145,0.11281,0.11506,0.13104,0.11964
2021-06-17,reopening,0.14212,0.13831,0.11783,0.10464,0.11085,0.11266,0.14387,0.12971
2021-06-18,reopening,0.15273,0.12736,0.13029,0.11103,0.1118,0.12814,0.13566,0.103
2021-06-19,reopening,0.14382,0.13583,0.13243,0.10246,0.10474,0.11474,0.14607,0.1199
2021-06-20,reopening,0.15439,0.12495,0.13496,0.10562,0.10874,0.10851,0.13932,0.12351
2021-06-21,reopening,0.15723,0.13603,0.12213,0.09967,0.10859,0.12129,0.13895,0.11611
2021-06-22,reopening,0.1565,0.1417,0.12349,0.10884,0.10954,0.11131,0.14216,0.10646
2021-06-23,reopening,0.15399,0.1344,0.13213,0.10036,0.11367,0.112,0.13978,0.11367
2021-06-24,reopening,0.17043,0.14316,0.12324,0.09753,0.10995,0.10755,0.13967,0.10848
2021-06-25,reopening,0.14983,0.14883,0.13373,0.09414,0.10879,0.11041,0.13636,0.11792
2021-06-26,reopening,0.14017,0.13674,0.13727,0.10965,0.112,0.11685,0.13755,0.10977
2021-06-27,reopening,0.14632,0.14103,0.13185,0.10247,0.1025,0.11926,0.14042,0.11616
2021-06-28,reopening,0.14743,0.12639,0.13014,0.10079,0.12464,0.11332,0.1456,0.1117
2021-06-29,reopening,0.15379,0.13746,0.12688,0.09535,0.11121,0.11025,0.1399,0.12517
2021-06-30,reopening,0.14916,0.13323,0.12674,0.10235,0.11436,0.1189,0.14234,0.11293
