date,period,total_streams_millions,ctx_commute,ctx_workout,ctx_focus_work,ctx_relaxation,ctx_cooking_home,dev_mobile,dev_desktop,dev_smart_speaker,dev_car,catalog_share,new_release_share,mean_valence,mean_tempo_bpm
2019-06-01,pre_lockdown,105.22,0.15697,0.18185,0.15548,0.30093,0.20477,0.38776,0.18751,0.17669,0.24804,0.68128,0.31872,0.5899,117.07
2019-06-02,pre_lockdown,106.92,0.16288,0.17461,0.14106,0.32018,0.20128,0.38793,0.18829,0.17365,0.25012,0.64242,0.35758,0.5895,116.41
2019-06-03,pre_lockdown,100.28,0.22503,0.14764,0.22569,0.21796,0.18368,0.36314,0.21385,0.15691,0.2661,0.62833,0.37167,0.5806,118.89
2019-06-04,pre_lockdown,101.31,0.2385,0.1487,0.20961,0.23097,0.17222,0.35053,0.22434,0.16234,0.2628,0.63349,0.36651,0.5964,117.81
2019-06-05,pre_lockdown,98.97,0.25516,0.15569,0.23727,0.19787,0.15401,0.3439,0.22159,0.15553,0.27898,0.62425,0.37575,0.5818,117.12
2019-06-06,pre_lockdown,98.84,0.22652,0.16072,0.22595,0.21859,0.16822,0.34622,0.22374,0.14785,0.28219,0.62613,0.37387,0.5567,117.67
2019-06-07,pre_lockdown,100.07,0.22207,0.15856,0.22043,0.23097,0.16797,0.34309,0.22617,0.15905,0.27169,0.61489,0.38511,0.5754,117.64
2019-06-08,pre_lockdown,105.98,0.16029,0.18367,0.14692,0.30953,0.1996,0.392,0.17906,0.18789,0.24105,0.65684,0.34316,0.6008,119.28
2019-06-09,pre_lockdown,105.85,0.16245,0.16983,0.13289,0.33068,0.20415,0.40144,0.18207,0.18458,0.23191,0.64319,0.35681,0.5756,118.11
2019-06-10,pre_lockdown,100.53,0.21075,0.1529,0.22206,0.23789,0.17641,0.36233,0.20935,0.16192,0.26639,0.63055,0.36945,0.6092,118.84
2019-06-11,pre_lockdown,99.92,0.22221,0.15264,0.2278,0.21666,0.18069,0.37158,0.22192,0.14991,0.25659,0.62449,0.37551,0.5915,116.18
2019-06-12,pre_lockdown,102.04,0.22268,0.15705,0.23061,0.22154,0.16813,0.36548,0.22404,0.1496,0.26089,0.62544,0.37456,0.5739,116.3
2019-06-13,pre_lockdown,99.07,0.23679,0.16273,0.23107,0.20609,0.16331,0.33488,0.22229,0.16033,0.28251,0.61518,0.38482,0.5686,118.19
2019-06-14,pre_lockdown,103.26,0.23876,0.16046,0.21849,0.21531,0.16699,0.33973,0.22882,0.15477,0.27667,0.62338,0.37662,0.582,119.38
2019-06-15,pre_lockdown,103.32,0.15635,0.1913,0.14113,0.31942,0.19179,0.40011,0.18923,0.17596,0.2347,0.65497,0.34503,0.5962,119.97
2019-06-16,pre_lockdown,103.09,0.15661,0.18415,0.15448,0.29355,0.21121,0.40385,0.1839,0.17758,0.23467,0.65696,0.34304,0.5952,115.05
2019-06-17,pre_lockdown,102.04,0.24005,0.14418,0.2215,0.21487,0.1794,0.35262,0.21762,0.15457,0.27519,0.63271,0.36729,0.5618,118.48
2019-06-18,pre_lockdown,97.74,0.23491,0.16074,0.21802,0.21671,0.16962,0.36871,0.21448,0.1472,0.26961,0.5866,0.4134,0.5718,118.94
2019-06-19,pre_lockdown,101.73,0.23495,0.1623,0.22274,0.20935,0.17067,0.32346,0.22055,0.16327,0.29272,0.63889,0.36111,0.5887,116.38
2019-06-20,pre_lockdown,101.0,0.22431,0.15514,0.21774,0.22856,0.17426,0.34351,0.21797,0.16681,0.2717,0.66145,0.33855,0.5579,117.43
2019-06-21,pre_lockdown,98.99,0.25726,0.16297,0.21103,0.1996,0.16913,0.34919,0.21513,0.15757,0.27811,0.61285,0.38715,0.604,119.41
2019-06-22,pre_lockdown,104.67,0.14912,0.19546,0.14854,0.30826,0.19862,0.3941,0.19163,0.17855,0.23572,0.66301,0.33699,0.5875,117.38
2019-06-23,pre_lockdown,106.66,0.15861,0.18475,0.14801,0.31185,0.19677,0.395,0.18479,0.18215,0.23806,0.67376,0.32624,0.589,118.14
2019-06-24,pre_lockdown,101.51,0.21371,0.15843,0.22199,0.22252,0.18335,0.36296,0.21667,0.14796,0.27241,0.6316,0.3684,0.5878,116.71
2019-06-25,pre_lockdown,100.88,0.23367,0.1488,0.20362,0.23294,0.18098,0.3527,0.21925,0.15688,0.27117,0.61139,0.38861,0.576,118.13
2019-06-26,pre_lockdown,100.4,0.22304,0.14255,0.23292,0.2219,0.17959,0.33242,0.2225,0.16402,0.28106,0.62856,0.37144,0.5742,118.86
2019-06-27,pre_lockdown,100.28,0.22116,0.16328,0.22918,0.21507,0.17131,0.33225,0.23496,0.15184,0.28095,0.63723,0.36277,0.588,117.88
2019-06-28,pre_lockdown,98.22,0.22923,0.15569,0.22446,0.21524,0.17537,0.3546,0.21192,0.15394,0.27954,0.6134,0.3866,0.5985,117.35
2019-06-29,pre_lockdown,105.14,0.15026,0.18529,0.14317,0.30488,0.21639,0.40622,0.17533,0.1774,0.24106,0.66685,0.33315,0.598,118.16
2019-06-30,pre_lockdown,105.31,0.1515,0.1855,0.14481,0.30916,0.20903,0.40027,0.18795,0.17689,0.23489,0.65696,0.34304,0.5955,118.31
2019-07-01,pre_lockdown,96.63,0.23312,0.14765,0.21143,0.22302,0.18477,0.34802,0.24314,0.16137,0.24748,0.61711,0.38289,0.5789,116.51
2019-07-02,pre_lockdown,101.72,0.23052,0.15969,0.22205,0.21656,0.17117,0.35924,0.20456,0.15727,0.27893,0.61219,0.38781,0.559,118.08
2019-07-03,pre_lockdown,102.26,0.22314,0.14514,0.22686,0.22936,0.1755,0.33235,0.21688,0.15832,0.29245,0.63147,0.36853,0.5835,116.38
2019-07-04,pre_lockdown,99.01,0.22692,0.15915,0.22303,0.21255,0.17836,0.34394,0.22927,0.15839,0.2684,0.64174,0.35826,0.5512,119.49
2019-07-05,pre_lockdown,102.67,0.22395,0.16135,0.20552,0.21967,0.1895,0.35047,0.23314,0.16482,0.25158,0.62563,0.37437,0.5661,117.42
2019-07-06,pre_lockdown,108.71,0.1569,0.17858,0.13708,0.31733,0.2101,0.39075,0.18769,0.17899,0.24256,0.66878,0.33122,0.5813,118.37
2019-07-07,pre_lockdown,109.5,0.17518,0.17106,0.15469,0.29683,0.20223,0.40068,0.18483,0.18039,0.2341,0.66831,0.33169,0.5764,117.13
2019-07-08,pre_lockdown,101.58,0.24564,0.16547,0.20501,0.2225,0.16138,0.36104,0.20764,0.15707,0.27424,0.618,0.382,0.5837,116.46
2019-07-09,pre_lockdown,104.19,0.24738,0.1432,0.22504,0.22325,0.16113,0.32112,0.24038,0.16333,0.27517,0.64632,0.35368,0.6024,115.12
2019-07-10,pre_lockdown,99.8,0.21548,0.16704,0.21521,0.22532,0.17694,0.35277,0.22946,0.14754,0.27023,0.6158,0.3842,0.5608,117.14
2019-07-11,pre_lockdown,99.12,0.24575,0.15258,0.21549,0.22367,0.16252,0.34729,0.21832,0.15322,0.28117,0.62651,0.37349,0.583,119.84
2019-07-12,pre_lockdown,98.69,0.2334,0.16087,0.22346,0.21595,0.16631,0.34631,0.23372,0.15632,0.26365,0.60752,0.39248,0.5597,117.12
2019-07-13,pre_lockdown,104.88,0.15159,0.18086,0.15515,0.33397,0.17843,0.39857,0.18053,0.1766,0.24429,0.64883,0.35117,0.569,118.1
2019-07-14,pre_lockdown,106.0,0.15899,0.18922,0.16164,0.29128,0.19887,0.39701,0.18371,0.18357,0.23571,0.64977,0.35023,0.5893,119.71
2019-07-15,pre_lockdown,101.61,0.24168,0.1597,0.20711,0.2254,0.16611,0.34374,0.23232,0.16083,0.26311,0.62606,0.37394,0.5768,118.65
2019-07-16,pre_lockdown,100.7,0.22725,0.15905,0.22761,0.21636,0.16973,0.35759,0.22238,0.16512,0.2549,0.6166,0.3834,0.5792,118.32
2019-07-17,pre_lockdown,104.37,0.22534,0.14085,0.2294,0.23362,0.17079,0.36402,0.20731,0.16278,0.26589,0.63247,0.36753,0.5845,120.23
2019-07-18,pre_lockdown,102.63,0.22865,0.16497,0.19249,0.2279,0.186,0.32361,0.23536,0.15832,0.28271,0.61659,0.38341,0.594,118.39
2019-07-19,pre_lockdown,97.53,0.25263,0.14753,0.21597,0.23012,0.15375,0.34379,0.20332,0.16697,0.28592,0.62993,0.37007,0.5732,116.87
2019-07-20,pre_lockdown,105.59,0.14331,0.17858,0.13871,0.34034,0.19907,0.39499,0.17579,0.17787,0.25135,0.66187,0.33813,0.565,118.48
2019-07-21,pre_lockdown,107.98,0.15117,0.18404,0.14868,0.30818,0.20794,0.39123,0.19411,0.19359,0.22107,0.66651,0.33349,0.5849,117.25
2019-07-22,pre_lockdown,98.49,0.22634,0.15271,0.21302,0.22859,0.17934,0.35718,0.21399,0.16382,0.26502,0.62178,0.37822,0.5849,117.19
2019-07-23,pre_lockdown,96.95,0.22061,0.16318,0.21383,0.22716,0.17521,0.34584,0.22134,0.16796,0.26487,0.60838,0.39162,0.5941,118.91
2019-07-24,pre_lockdown,101.13,0.24458,0.14863,0.20459,0.21801,0.18418,0.34965,0.21315,0.15941,0.2778,0.6093,0.3907,0.5574,117.05
2019-07-25,pre_lockdown,98.93,0.24074,0.15374,0.22729,0.21974,0.15848,0.33967,0.22078,0.16615,0.2734,0.63022,0.36978,0.5915,117.65
2019-07-26,pre_lockdown,101.02,0.21611,0.16311,0.23538,0.21779,0.16761,0.35457,0.22079,0.15531,0.26933,0.62693,0.37307,0.5629,116.19
2019-07-27,pre_lockdown,110.24,0.16682,0.18685,0.14116,0.3135,0.19168,0.40492,0.18197,0.17059,0.24251,0.64417,0.35583,0.5771,116.38
2019-07-28,pre_lockdown,108.66,0.15123,0.1688,0.13656,0.34194,0.20148,0.37383,0.18065,0.19151,0.25402,0.65814,0.34186,0.5855,120.58
2019-07-29,pre_lockdown,98.46,0.24196,0.16737,0.22537,0.21241,0.15289,0.3443,0.214,0.15166,0.29005,0.6259,0.3741,0.5909,120.48
2019-07-30,pre_lockdown,98.52,0.22916,0.16914,0.21387,0.21432,0.17351,0.34186,0.22412,0.17446,0.25955,0.62034,0.37966,0.5799,117.68
2019-07-31,pre_lockdown,102.3,0.22384,0.17312,0.23201,0.20862,0.16241,0.35048,0.2184,0.16411,0.26701,0.6287,0.3713,0.5735,116.64
2019-08-01,pre_lockdown,103.19,0.24156,0.15358,0.21445,0.2281,0.16232,0.33455,0.22431,0.16404,0.2771,0.62404,0.37596,0.5799,116.72
2019-08-02,pre_lockdown,103.71,0.24017,0.1562,0.21105,0.2262,0.16638,0.34477,0.2213,0.16164,0.27229,0.62979,0.37021,0.5651,116.27
2019-08-03,pre_lockdown,112.77,0.15352,0.19864,0.14722,0.30126,0.19936,0.39886,0.19615,0.18499,0.21999,0.65051,0.34949,0.5877,120.73
2019-08-04,pre_lockdown,108.12,0.15004,0.18341,0.1454,0.32659,0.19456,0.39294,0.18919,0.18353,0.23434,0.63927,0.36073,0.594,118.8
2019-08-05,pre_lockdown,100.81,0.23916,0.15269,0.21733,0.20974,0.18108,0.34579,0.23148,0.1526,0.27013,0.61396,0.38604,0.5704,118.52
2019-08-06,pre_lockdown,102.69,0.22228,0.14883,0.22474,0.23709,0.16706,0.33877,0.21558,0.15794,0.2877,0.60671,0.39329,0.566,118.32
2019-08-07,pre_lockdown,103.54,0.21518,0.14708,0.23148,0.22309,0.18317,0.35012,0.21781,0.16052,0.27155,0.62609,0.37391,0.5726,118.27
2019-08-08,pre_lockdown,102.15,0.22572,0.17315,0.22096,0.22912,0.15105,0.34411,0.2177,0.16345,0.27473,0.62745,0.37255,0.5816,118.78
2019-08-09,pre_lockdown,102.05,0.22347,0.16198,0.23973,0.2121,0.16272,0.34508,0.21451,0.15919,0.28122,0.61743,0.38257,0.5692,117.91
2019-08-10,pre_lockdown,105.3,0.15021,0.20627,0.14006,0.29644,0.20701,0.37601,0.19209,0.18372,0.24818,0.65554,0.34446,0.5803,119.55
2019-08-11,pre_lockdown,110.39,0.15328,0.18268,0.12633,0.33501,0.2027,0.39261,0.18715,0.18546,0.23478,0.65647,0.34353,0.5868,115.23
2019-08-12,pre_lockdown,101.26,0.24344,0.15655,0.21289,0.21116,0.17595,0.36441,0.21148,0.16196,0.26214,0.61656,0.38344,0.6063,117.62
2019-08-13,pre_lockdown,102.41,0.22721,0.15905,0.21858,0.22453,0.17063,0.34631,0.21406,0.16369,0.27593,0.60838,0.39162,0.6024,116.12
2019-08-14,pre_lockdown,100.94,0.24258,0.15655,0.22669,0.22004,0.15414,0.3606,0.22501,0.14794,0.26645,0.60428,0.39572,0.5714,118.83
2019-08-15,pre_lockdown,104.71,0.22909,0.15369,0.20775,0.2399,0.16956,0.35235,0.21405,0.16628,0.26732,0.62717,0.37283,0.5858,118.48
2019-08-16,pre_lockdown,102.04,0.22461,0.16351,0.22968,0.20782,0.17438,0.36268,0.22288,0.16474,0.2497,0.61972,0.38028,0.566,118.52
2019-08-17,pre_lockdown,106.16,0.16075,0.18792,0.137,0.31024,0.20409,0.37676,0.19399,0.1822,0.24705,0.65041,0.34959,0.5744,117.64
2019-08-18,pre_lockdown,107.16,0.14241,0.20284,0.1386,0.30309,0.21307,0.39633,0.1763,0.17028,0.25709,0.63823,0.36177,0.5752,118.29
2019-08-19,pre_lockdown,104.47,0.23509,0.15388,0.22166,0.23854,0.15083,0.33971,0.22403,0.16466,0.2716,0.62106,0.37894,0.5777,118.36
2019-08-20,pre_lockdown,102.28,0.24782,0.14928,0.21421,0.21934,0.16935,0.34881,0.22199,0.17215,0.25704,0.61349,0.38651,0.5958,118.19
2019-08-21,pre_lockdown,100.81,0.23989,0.15684,0.21903,0.21204,0.17221,0.35239,0.21678,0.16899,0.26184,0.60426,0.39574,0.5652,117.23
2019-08-22,pre_lockdown,102.66,0.23677,0.14583,0.2142,0.22889,0.17431,0.35559,0.23809,0.14711,0.25921,0.61864,0.38136,0.587,118.38
2019-08-23,pre_lockdown,104.45,0.25359,0.15573,0.21451,0.21468,0.16149,0.35288,0.2296,0.15852,0.259,0.61289,0.38711,0.5727,119.25
2019-08-24,pre_lockdown,107.26,0.14546,0.18549,0.14563,0.31414,0.20928,0.38534,0.19393,0.18079,0.23994,0.66209,0.33791,0.5848,117.29
2019-08-25,pre_lockdown,107.09,0.15473,0.18303,0.15815,0.31533,0.18876,0.38301,0.19664,0.19134,0.22901,0.65952,0.34048,0.6017,117.01
2019-08-26,pre_lockdown,101.66,0.22229,0.16386,0.21102,0.21387,0.18896,0.35773,0.22245,0.15592,0.2639,0.62899,0.37101,0.6071,118.37
2019-08-27,pre_lockdown,98.08,0.223,0.15629,0.21102,0.22078,0.18892,0.36055,0.21907,0.15288,0.2675,0.61666,0.38334,0.5767,119.05
2019-08-28,pre_lockdown,102.6,0.23759,0.14696,0.2188,0.22559,0.17106,0.33592,0.21333,0.17085,0.2799,0.59018,0.40982,0.5733,119.71
2019-08-29,pre_lockdown,99.29,0.21193,0.16042,0.22261,0.24121,0.16383,0.34926,0.22183,0.15372,0.27518,0.62099,0.37901,0.5841,117.87
2019-08-30,pre_lockdown,100.35,0.24476,0.14311,0.22551,0.21426,0.17236,0.3472,0.2055,0.16373,0.28358,0.61628,0.38372,0.5788,117.68
2019-08-31,pre_lockdown,108.34,0.16403,0.18323,0.14368,0.31018,0.19888,0.38867,0.17646,0.19115,0.24372,0.63903,0.36097,0.5963,117.44
2019-09-01,pre_lockdown,102.99,0.15972,0.18519,0.13969,0.31953,0.19587,0.40264,0.18208,0.18884,0.22644,0.67102,0.32898,0.5672,116.85
2019-09-02,pre_lockdown,98.11,0.22696,0.15494,0.23648,0.20986,0.17176,0.34476,0.23197,0.1581,0.26517,0.59379,0.40621,0.5554,118.4
2019-09-03,pre_lockdown,99.2,0.21938,0.17036,0.21907,0.23175,0.15944,0.35772,0.21399,0.16016,0.26813,0.62941,0.37059,0.567,116.81
2019-09-04,pre_lockdown,99.65,0.23901,0.15628,0.23656,0.20507,0.16308,0.3494,0.22592,0.15617,0.26851,0.61737,0.38263,0.5847,117.69
2019-09-05,pre_lockdown,100.06,0.23254,0.15261,0.22413,0.22684,0.16389,0.34748,0.22762,0.15125,0.27365,0.62784,0.37216,0.5631,117.33
2019-09-06,pre_lockdown,102.48,0.24609,0.14952,0.22439,0.22302,0.15697,0.32743,0.23639,0.16427,0.27191,0.62664,0.37336,0.5713,117.56
2019-09-07,pre_lockdown,109.7,0.15506,0.17463,0.13381,0.31963,0.21687,0.38398,0.20162,0.17213,0.24226,0.66055,0.33945,0.5992,116.16
2019-09-08,pre_lockdown,107.01,0.15588,0.19762,0.15009,0.29352,0.20289,0.37404,0.18589,0.19514,0.24492,0.6527,0.3473,0.5891,120.31
2019-09-09,pre_lockdown,101.44,0.23043,0.15286,0.22568,0.21838,0.17265,0.33521,0.23424,0.16448,0.26607,0.6161,0.3839,0.5704,117.09
2019-09-10,pre_lockdown,105.56,0.22888,0.16168,0.23343,0.21505,0.16096,0.3488,0.22836,0.16215,0.2607,0.62202,0.37798,0.5999,120.19
2019-09-11,pre_lockdown,105.6,0.22681,0.15504,0.21864,0.2397,0.1598,0.37021,0.20643,0.16081,0.26254,0.59609,0.40391,0.5895,116.45
2019-09-12,pre_lockdown,100.4,0.22436,0.14821,0.22771,0.22426,0.17545,0.34957,0.21703,0.15702,0.27639,0.64374,0.35626,0.5645,118.94
2019-09-13,pre_lockdown,102.61,0.21263,0.1664,0.23111,0.21381,0.17605,0.34483,0.23612,0.16161,0.25744,0.61978,0.38022,0.5864,118.9
2019-09-14,pre_lockdown,106.87,0.15612,0.19257,0.13614,0.31221,0.20296,0.39623,0.17956,0.18689,0.23733,0.64979,0.35021,0.5789,121.21
2019-09-15,pre_lockdown,106.99,0.14637,0.16879,0.1381,0.33931,0.20743,0.38346,0.18045,0.18046,0.25563,0.68309,0.31691,0.5911,117.94
2019-09-16,pre_lockdown,101.8,0.22592,0.15214,0.21398,0.24405,0.16392,0.33546,0.21525,0.16447,0.28483,0.60665,0.39335,0.5804,115.35
2019-09-17,pre_lockdown,101.2,0.2295,0.14706,0.22964,0.22544,0.16836,0.36509,0.21745,0.15739,0.26007,0.62106,0.37894,0.5898,115.99
2019-09-18,pre_lockdown,98.44,0.2297,0.15748,0.21399,0.21564,0.18319,0.33787,0.2247,0.15671,0.28072,0.60112,0.39888,0.5876,119.31
2019-09-19,pre_lockdown,102.29,0.21955,0.15527,0.2224,0.23373,0.16905,0.33467,0.21821,0.16673,0.28039,0.60915,0.39085,0.5822,118.03
2019-09-20,pre_lockdown,98.23,0.21246,0.14833,0.23576,0.23285,0.17059,0.36064,0.22922,0.15911,0.25103,0.64182,0.35818,0.5729,119.85
2019-09-21,pre_lockdown,109.72,0.16282,0.16101,0.14702,0.31866,0.21049,0.38389,0.17856,0.19418,0.24337,0.6477,0.3523,0.6028,118.12
2019-09-22,pre_lockdown,110.08,0.15028,0.19423,0.14703,0.32357,0.18489,0.39022,0.19004,0.1855,0.23425,0.63882,0.36118,0.596,117.97
2019-09-23,pre_lockdown,102.87,0.22505,0.15908,0.20711,0.23113,0.17764,0.34171,0.22748,0.1667,0.2641,0.6133,0.3867,0.5845,116.2
2019-09-24,pre_lockdown,104.02,0.23398,0.14777,0.21633,0.23537,0.16655,0.3492,0.21702,0.16579,0.26799,0.62929,0.37071,0.5654,118.31
2019-09-25,pre_lockdown,105.25,0.23228,0.14975,0.20396,0.21704,0.19697,0.34346,0.22951,0.16002,0.26701,0.63684,0.36316,0.5551,118.8
2019-09-26,pre_lockdown,103.15,0.22566,0.15826,0.21224,0.22373,0.18011,0.35391,0.21648,0.1664,0.26321,0.63117,0.36883,0.5877,117.62
2019-09-27,pre_lockdown,104.27,0.22271,0.15048,0.209,0.22639,0.19142,0.36599,0.20482,0.16454,0.26466,0.64166,0.35834,0.5537,119.71
2019-09-28,pre_lockdown,109.58,0.15855,0.17118,0.13086,0.34031,0.1991,0.40506,0.17226,0.19227,0.23041,0.64154,0.35846,0.5805,119.09
2019-09-29,pre_lockdown,111.84,0.15195,0.1894,0.13547,0.31087,0.21232,0.39043,0.19474,0.17351,0.24133,0.66086,0.33914,0.5977,119.53
2019-09-30,pre_lockdown,104.79,0.24597,0.15604,0.22137,0.21151,0.16511,0.36353,0.20746,0.1578,0.27121,0.61859,0.38141,0.5931,117.4
2019-10-01,pre_lockdown,100.95,0.2353,0.15805,0.21162,0.22802,0.16701,0.3473,0.22179,0.15371,0.2772,0.60122,0.39878,0.6003,118.67
2019-10-02,pre_lockdown,100.34,0.22988,0.14419,0.22807,0.23024,0.16762,0.33942,0.21785,0.16187,0.28086,0.61619,0.38381,0.5891,116.89
2019-10-03,pre_lockdown,99.13,0.22265,0.17212,0.21458,0.22972,0.16092,0.34151,0.22317,0.16702,0.26831,0.60945,0.39055,0.5828,115.99
2019-10-04,pre_lockdown,102.3,0.23385,0.15542,0.20562,0.23772,0.16738,0.34778,0.22316,0.16408,0.26497,0.61723,0.38277,0.5612,117.73
2019-10-05,pre_lockdown,102.44,0.15391,0.17715,0.1387,0.31279,0.21745,0.38521,0.18436,0.19167,0.23876,0.63565,0.36435,0.5817,117.73
2019-10-06,pre_lockdown,104.23,0.14377,0.19025,0.13175,0.32614,0.2081,0.38481,0.19757,0.18936,0.22826,0.65584,0.34416,0.5892,118.34
2019-10-07,pre_lockdown,103.07,0.23137,0.15281,0.22402,0.21928,0.17252,0.34177,0.21389,0.16503,0.27931,0.61182,0.38818,0.5834,116.58
2019-10-08,pre_lockdown,104.5,0.2401,0.15872,0.2262,0.2177,0.15728,0.34005,0.2289,0.16562,0.26543,0.63179,0.36821,0.5759,119.3
2019-10-09,pre_lockdown,100.2,0.23524,0.14821,0.22273,0.22395,0.16988,0.34262,0.22828,0.16502,0.26408,0.61165,0.38835,0.5844,117.23
2019-10-10,pre_lockdown,101.09,0.23287,0.15407,0.22274,0.21763,0.17269,0.33979,0.21625,0.17595,0.268,0.62238,0.37762,0.5883,119.59
2019-10-11,pre_lockdown,102.33,0.23792,0.15553,0.20245,0.2328,0.17129,0.34419,0.22409,0.16254,0.26918,0.63679,0.36321,0.6071,118.17
2019-10-12,pre_lockdown,108.45,0.16023,0.20593,0.13834,0.28507,0.21043,0.37727,0.18711,0.18928,0.24633,0.66063,0.33937,0.5706,117.45
2019-10-13,pre_lockdown,109.95,0.16057,0.17648,0.1466,0.33369,0.18265,0.39831,0.17307,0.17741,0.2512,0.64758,0.35242,0.582,116.7
2019-10-14,pre_lockdown,107.66,0.23308,0.15603,0.2189,0.22094,0.17104,0.34888,0.21394,0.16899,0.2682,0.62833,0.37167,0.5824,117.74
2019-10-15,pre_lockdown,104.29,0.23483,0.15697,0.20193,0.22032,0.18594,0.34632,0.22026,0.16427,0.26916,0.63324,0.36676,0.561,119.11
2019-10-16,pre_lockdown,103.86,0.23262,0.15297,0.20547,0.22709,0.18185,0.36144,0.21472,0.17264,0.2512,0.62142,0.37858,0.5769,116.03
2019-10-17,pre_lockdown,105.19,0.22195,0.15782,0.21325,0.23082,0.17615,0.32685,0.23056,0.15216,0.29043,0.61939,0.38061,0.586,119.3
2019-10-18,pre_lockdown,100.78,0.23764,0.15646,0.21806,0.2165,0.17134,0.35113,0.22592,0.16563,0.25733,0.62252,0.37748,0.6109,119.04
2019-10-19,pre_lockdown,105.24,0.15496,0.17577,0.13901,0.32862,0.20164,0.40316,0.17329,0.18093,0.24262,0.6638,0.3362,0.6005,118.47
2019-10-20,pre_lockdown,107.46,0.16331,0.18559,0.14287,0.30468,0.20355,0.39565,0.17459,0.18933,0.24043,0.67259,0.32741,0.5714,118.74
2019-10-21,pre_lockdown,105.55,0.23127,0.14916,0.22206,0.23024,0.16727,0.33771,0.22291,0.17919,0.26018,0.63901,0.36099,0.5918,116.08
2019-10-22,pre_lockdown,103.84,0.23577,0.16578,0.21449,0.21576,0.1682,0.34673,0.22219,0.15402,0.27706,0.61646,0.38354,0.5914,118.04
2019-10-23,pre_lockdown,105.58,0.23413,0.15985,0.20998,0.23436,0.16167,0.34722,0.21301,0.16345,0.27632,0.60709,0.39291,0.5879,117.43
2019-10-24,pre_lockdown,102.68,0.24987,0.15215,0.2293,0.20422,0.16446,0.36274,0.21708,0.16181,0.25837,0.60925,0.39075,0.5738,118.31
2019-10-25,pre_lockdown,99.41,0.22935,0.16685,0.21672,0.2191,0.16797,0.33202,0.21675,0.16536,0.28587,0.62583,0.37417,0.6011,115.43
2019-10-26,pre_lockdown,108.31,0.14299,0.19484,0.14302,0.31773,0.20142,0.3807,0.18885,0.19819,0.23227,0.65293,0.34707,0.5809,119.6
2019-10-27,pre_lockdown,108.8,0.1486,0.19654,0.15777,0.30375,0.19334,0.38815,0.19793,0.18277,0.23115,0.64469,0.35531,0.6,116.66
2019-10-28,pre_lockdown,104.67,0.23077,0.15349,0.20847,0.23565,0.17162,0.34899,0.21785,0.16376,0.26939,0.61527,0.38473,0.5785,116.68
2019-10-29,pre_lockdown,102.44,0.24296,0.15085,0.19836,0.22308,0.18474,0.34959,0.22281,0.16744,0.26015,0.61542,0.38458,0.5789,117.14
2019-10-30,pre_lockdown,102.4,0.24785,0.14878,0.20794,0.22477,0.17067,0.34117,0.22812,0.17803,0.25267,0.6259,0.3741,0.5696,118.22
2019-10-31,pre_lockdown,103.61,0.23054,0.16625,0.22131,0.21963,0.16228,0.34715,0.22415,0.15459,0.27411,0.60486,0.39514,0.5768,117.01
2019-11-01,pre_lockdown,104.3,0.2207,0.14409,0.21459,0.23671,0.18391,0.33254,0.23818,0.15763,0.27165,0.62915,0.37085,0.5833,116.52
2019-11-02,pre_lockdown,108.59,0.16043,0.16648,0.13573,0.32084,0.21651,0.38893,0.18159,0.19778,0.2317,0.65016,0.34984,0.6093,117.88
2019-11-03,pre_lockdown,110.37,0.15288,0.18566,0.13376,0.31602,0.21167,0.38572,0.18363,0.19702,0.23363,0.65017,0.34983,0.5632,118.7
2019-11-04,pre_lockdown,102.82,0.24268,0.1498,0.22329,0.20877,0.17546,0.35189,0.21925,0.15834,0.27052,0.62067,0.37933,0.555,118.69
2019-11-05,pre_lockdown,101.53,0.2385,0.14512,0.21646,0.22836,0.17156,0.36059,0.20905,0.17093,0.25942,0.64383,0.35617,0.5702,118.42
2019-11-06,pre_lockdown,103.85,0.23554,0.15587,0.20757,0.23431,0.1667,0.34771,0.21029,0.16062,0.28138,0.62595,0.37405,0.5875,118.15
2019-11-07,pre_lockdown,101.94,0.22494,0.14728,0.22513,0.23234,0.17031,0.34122,0.22492,0.16118,0.27268,0.64168,0.35832,0.5579,118.87
2019-11-08,pre_lockdown,100.07,0.23236,0.16108,0.22463,0.215,0.16693,0.3432,0.22703,0.16886,0.2609,0.61404,0.38596,0.5772,116.11
2019-11-09,pre_lockdown,112.62,0.16069,0.18834,0.14141,0.30876,0.20079,0.3802,0.17925,0.1917,0.24885,0.65637,0.34363,0.6196,117.03
2019-11-10,pre_lockdown,104.24,0.14537,0.19052,0.14899,0.31259,0.20253,0.3694,0.18715,0.19154,0.25191,0.6588,0.3412,0.5691,118.87
2019-11-11,pre_lockdown,108.87,0.23307,0.15132,0.21503,0.22788,0.17271,0.35246,0.20619,0.17224,0.26911,0.61456,0.38544,0.5843,118.21
2019-11-12,pre_lockdown,102.06,0.23412,0.1545,0.21861,0.2271,0.16567,0.34056,0.21885,0.16792,0.27266,0.62412,0.37588,0.5866,117.35
2019-11-13,pre_lockdown,106.25,0.22905,0.14958,0.2245,0.21418,0.18269,0.34465,0.21269,0.1777,0.26496,0.62864,0.37136,0.5718,114.97
2019-11-14,pre_lockdown,103.28,0.24111,0.14694,0.22222,0.21883,0.1709,0.33502,0.2332,0.17097,0.26081,0.62647,0.37353,0.5982,117.56
2019-11-15,pre_lockdown,102.5,0.24833,0.16603,0.20287,0.20818,0.17459,0.36788,0.21213,0.15089,0.26909,0.61984,0.38016,0.5716,116.17
2019-11-16,pre_lockdown,106.38,0.16019,0.1692,0.13569,0.3337,0.20121,0.38972,0.18328,0.19204,0.23496,0.63692,0.36308,0.6,117.4
2019-11-17,pre_lockdown,109.23,0.16232,0.17065,0.14242,0.32097,0.20363,0.40266,0.17876,0.19705,0.22153,0.67344,0.32656,0.5824,117.39
2019-11-18,pre_lockdown,101.33,0.23303,0.15049,0.22982,0.21465,0.17201,0.35324,0.21956,0.16544,0.26176,0.62687,0.37313,0.5931,117.49
2019-11-19,pre_lockdown,101.84,0.2253,0.16503,0.22052,0.20826,0.18089,0.34292,0.20997,0.17174,0.27537,0.62433,0.37567,0.5703,120.39
2019-11-20,pre_lockdown,104.1,0.23182,0.14592,0.23806,0.22079,0.1634,0.33082,0.21275,0.18003,0.27641,0.61937,0.38063,0.5713,117.15
2019-11-21,pre_lockdown,102.36,0.22471,0.16557,0.23139,0.21368,0.16465,0.34552,0.22467,0.17776,0.25205,0.62488,0.37512,0.5849,117.41
2019-11-22,pre_lockdown,103.66,0.2294,0.15318,0.21844,0.21692,0.18207,0.35091,0.22973,0.15936,0.26001,0.59204,0.40796,0.5699,118.89
2019-11-23,pre_lockdown,106.37,0.1537,0.1841,0.13661,0.32132,0.20427,0.3846,0.19199,0.18914,0.23427,0.67307,0.32693,0.5985,118.51
2019-11-24,pre_lockdown,110.62,0.1524,0.17768,0.14494,0.31279,0.21219,0.40066,0.18553,0.19798,0.21582,0.65934,0.34066,0.583,118.76
2019-11-25,pre_lockdown,102.64,0.24015,0.15696,0.21375,0.21678,0.17237,0.34696,0.22434,0.16718,0.26151,0.6194,0.3806,0.5684,117.04
2019-11-26,pre_lockdown,102.79,0.21704,0.16345,0.246,0.21477,0.15873,0.34788,0.2205,0.17519,0.25643,0.64634,0.35366,0.5889,117.46
2019-11-27,pre_lockdown,104.59,0.23781,0.14344,0.22047,0.22078,0.1775,0.358,0.22206,0.16622,0.25372,0.6228,0.3772,0.5574,116.86
2019-11-28,pre_lockdown,103.0,0.23684,0.1518,0.22118,0.21097,0.17921,0.35982,0.22624,0.16362,0.25033,0.62267,0.37733,0.59,118.73
2019-11-29,pre_lockdown,100.78,0.23872,0.15221,0.23206,0.21742,0.15959,0.35116,0.21222,0.16918,0.26744,0.62177,0.37823,0.5772,118.39
2019-11-30,pre_lockdown,107.23,0.15465,0.18691,0.14716,0.31511,0.19617,0.37877,0.18361,0.20599,0.23163,0.67085,0.32915,0.5938,117.34
2019-12-01,pre_lockdown,110.09,0.15704,0.1825,0.15161,0.30169,0.20716,0.39439,0.18728,0.19653,0.22179,0.66613,0.33387,0.5724,117.66
2019-12-02,pre_lockdown,102.94,0.22366,0.17643,0.19511,0.21674,0.18807,0.33662,0.22945,0.16787,0.26606,0.6189,0.3811,0.5818,118.92
2019-12-03,pre_lockdown,102.91,0.23268,0.16681,0.22901,0.20758,0.16391,0.34591,0.21161,0.17498,0.26749,0.60529,0.39471,0.5448,116.89
2019-12-04,pre_lockdown,100.54,0.22345,0.15031,0.22401,0.22551,0.17671,0.33479,0.22024,0.17782,0.26715,0.6041,0.3959,0.5769,118.71
2019-12-05,pre_lockdown,107.4,0.22996,0.14265,0.21641,0.22763,0.18334,0.34474,0.2109,0.17294,0.27142,0.61947,0.38053,0.5845,120.41
2019-12-06,pre_lockdown,105.5,0.23132,0.16156,0.21887,0.21284,0.1754,0.35122,0.21629,0.16857,0.26392,0.62253,0.37747,0.6128,120.12
2019-12-07,pre_lockdown,107.03,0.15499,0.17118,0.14548,0.33222,0.19614,0.38527,0.19163,0.18644,0.23666,0.67637,0.32363,0.6029,116.28
2019-12-08,pre_lockdown,109.54,0.1561,0.20501,0.13848,0.29816,0.20224,0.39487,0.1757,0.19377,0.23566,0.65027,0.34973,0.5958,116.93
2019-12-09,pre_lockdown,103.44,0.22491,0.14745,0.23103,0.22227,0.17435,0.35266,0.23217,0.16966,0.24551,0.62057,0.37943,0.5891,119.18
2019-12-10,pre_lockdown,106.19,0.24874,0.14183,0.20963,0.21995,0.17985,0.34451,0.2133,0.16338,0.27881,0.63363,0.36637,0.5549,118.04
2019-12-11,pre_lockdown,101.81,0.21854,0.1495,0.2459,0.23053,0.15553,0.35069,0.21608,0.16094,0.27229,0.61898,0.38102,0.5668,117.72
2019-12-12,pre_lockdown,102.83,0.23808,0.14345,0.22701,0.21648,0.17498,0.34361,0.21879,0.17675,0.26086,0.60795,0.39205,0.5833,117.91
2019-12-13,pre_lockdown,103.45,0.23554,0.14647,0.21822,0.2384,0.16137,0.35291,0.22087,0.16494,0.26128,0.62582,0.37418,0.5866,118.27
2019-12-14,pre_lockdown,112.22,0.17025,0.17816,0.13299,0.33463,0.18398,0.3952,0.18528,0.19665,0.22286,0.65636,0.34364,0.5769,118.82
2019-12-15,pre_lockdown,108.63,0.15152,0.17403,0.15244,0.32631,0.1957,0.40587,0.17657,0.19046,0.22711,0.66755,0.33245,0.5916,118.32
2019-12-16,pre_lockdown,101.72,0.24246,0.15014,0.21159,0.22235,0.17346,0.3371,0.22278,0.16608,0.27404,0.59646,0.40354,0.5873,118.12
2019-12-17,pre_lockdown,105.14,0.23273,0.15967,0.2229,0.21661,0.1681,0.34933,0.21184,0.17086,0.26797,0.6249,0.3751,0.5649,117.3
2019-12-18,pre_lockdown,106.09,0.24724,0.15204,0.22585,0.21361,0.16126,0.33529,0.21958,0.16563,0.2795,0.6364,0.3636,0.5754,118.13
2019-12-19,pre_lockdown,102.29,0.22985,0.14951,0.2299,0.23564,0.15509,0.3394,0.22054,0.17163,0.26842,0.61915,0.38085,0.5598,119.18
2019-12-20,pre_lockdown,102.88,0.22686,0.16045,0.20812,0.23956,0.16501,0.34643,0.22382,0.17025,0.2595,0.64537,0.35463,0.5591,116.68
2019-12-21,pre_lockdown,109.06,0.15851,0.1724,0.14182,0.3316,0.19567,0.37874,0.19164,0.19932,0.23029,0.64054,0.35946,0.6283,115.54
2019-12-22,pre_lockdown,111.04,0.1573,0.17716,0.14212,0.32195,0.20147,0.38703,0.18322,0.19713,0.23263,0.66905,0.33095,0.5752,117.11
2019-12-23,pre_lockdown,102.02,0.22068,0.16268,0.22235,0.20772,0.18658,0.35223,0.22098,0.16481,0.26198,0.61627,0.38373,0.5789,119.06
2019-12-24,pre_lockdown,106.12,0.24724,0.17142,0.19029,0.21733,0.17373,0.33567,0.21496,0.1652,0.28417,0.62656,0.37344,0.5626,117.37
2019-12-25,pre_lockdown,101.75,0.22329,0.16482,0.24351,0.21004,0.15834,0.36335,0.21004,0.17221,0.25441,0.6222,0.3778,0.5854,119.23
2019-12-26,pre_lockdown,102.71,0.23293,0.15566,0.21447,0.22704,0.1699,0.3273,0.22959,0.17374,0.26937,0.63547,0.36453,0.5782,117.58
2019-12-27,pre_lockdown,103.64,0.24386,0.15319,0.22032,0.19928,0.18334,0.34481,0.21716,0.16668,0.27136,0.63282,0.36718,0.585,117.34
2019-12-28,pre_lockdown,108.31,0.16593,0.17992,0.13715,0.30947,0.20753,0.40224,0.17659,0.18561,0.23555,0.64456,0.35544,0.5856,116.62
2019-12-29,pre_lockdown,108.1,0.14995,0.18094,0.13744,0.30404,0.22763,0.38386,0.17998,0.20119,0.23497,0.65128,0.34872,0.5751,118.49
2019-12-30,pre_lockdown,103.57,0.2283,0.15705,0.20986,0.23107,0.17372,0.34732,0.21556,0.17067,0.26645,0.61509,0.38491,0.5786,118.39
2019-12-31,pre_lockdown,105.57,0.23594,0.15312,0.2361,0.21722,0.15763,0.36091,0.2059,0.17041,0.26278,0.62938,0.37062,0.5641,117.86
2020-01-01,pre_lockdown,101.08,0.23601,0.15896,0.21748,0.21759,0.16995,0.34994,0.21113,0.16907,0.26986,0.61557,0.38443,0.5698,119.22
2020-01-02,pre_lockdown,107.75,0.23891,0.17095,0.20116,0.21952,0.16946,0.36597,0.20799,0.15866,0.26738,0.62588,0.37412,0.5704,117.7
2020-01-03,pre_lockdown,104.49,0.24118,0.16084,0.21788,0.21654,0.16356,0.33461,0.22079,0.16338,0.28122,0.63496,0.36504,0.5778,117.03
2020-01-04,pre_lockdown,109.24,0.14738,0.17632,0.15661,0.30858,0.21111,0.3987,0.17452,0.19645,0.23032,0.66721,0.33279,0.5695,118.75
2020-01-05,pre_lockdown,110.46,0.15828,0.18223,0.14977,0.29821,0.2115,0.39528,0.17784,0.19635,0.23053,0.64965,0.35035,0.6099,118.54
2020-01-06,pre_lockdown,105.27,0.24592,0.15574,0.21618,0.21693,0.16522,0.34379,0.22045,0.17024,0.26552,0.62559,0.37441,0.5824,115.13
2020-01-07,pre_lockdown,101.2,0.24035,0.1426,0.22596,0.21438,0.17672,0.33489,0.21694,0.17177,0.2764,0.60552,0.39448,0.583,117.92
2020-01-08,pre_lockdown,102.8,0.2465,0.16279,0.20988,0.20348,0.17736,0.34321,0.22298,0.17321,0.2606,0.62318,0.37682,0.5638,118.36
2020-01-09,pre_lockdown,101.16,0.23642,0.1532,0.22111,0.22789,0.16138,0.35086,0.22259,0.16063,0.26591,0.59467,0.40533,0.5702,118.0
2020-01-10,pre_lockdown,101.81,0.2233,0.14812,0.22634,0.22912,0.17312,0.33308,0.22315,0.1673,0.27647,0.61858,0.38142,0.6027,118.27
2020-01-11,pre_lockdown,110.86,0.1579,0.18646,0.14129,0.31591,0.19844,0.38619,0.1781,0.19258,0.24313,0.65689,0.34311,0.5851,118.31
2020-01-12,pre_lockdown,110.92,0.16783,0.19384,0.1387,0.30416,0.19547,0.38101,0.18325,0.19433,0.24141,0.63679,0.36321,0.5793,119.31
2020-01-13,pre_lockdown,103.46,0.23849,0.15005,0.21132,0.22786,0.17228,0.35015,0.22719,0.16329,0.25938,0.61641,0.38359,0.5704,118.22
2020-01-14,pre_lockdown,102.02,0.23755,0.146,0.22361,0.21974,0.17309,0.33318,0.21367,0.18237,0.27078,0.62174,0.37826,0.577,117.63
2020-01-15,pre_lockdown,105.94,0.21876,0.16251,0.23064,0.21614,0.17194,0.35414,0.21893,0.16595,0.26098,0.62111,0.37889,0.5863,116.87
2020-01-16,pre_lockdown,102.37,0.22728,0.17089,0.23447,0.20584,0.16153,0.34562,0.20507,0.1717,0.2776,0.63879,0.36121,0.5871,118.83
2020-01-17,pre_lockdown,109.41,0.22434,0.15932,0.21439,0.22505,0.1769,0.34642,0.23041,0.1526,0.27057,0.62589,0.37411,0.5811,115.52
2020-01-18,pre_lockdown,110.64,0.16123,0.18327,0.13549,0.3183,0.20171,0.39514,0.18505,0.1953,0.22452,0.65278,0.34722,0.5748,117.6
2020-01-19,pre_lockdown,109.25,0.16339,0.1807,0.14999,0.29475,0.21118,0.39915,0.18509,0.18897,0.2268,0.63491,0.36509,0.6079,118.82
2020-01-20,pre_lockdown,106.29,0.22356,0.15705,0.21493,0.22553,0.17892,0.35522,0.22254,0.17124,0.25099,0.60156,0.39844,0.562,116.4
2020-01-21,pre_lockdown,104.54,0.21487,0.15713,0.20606,0.23184,0.19009,0.34436,0.21865,0.1733,0.26369,0.60964,0.39036,0.5613,119.18
2020-01-22,pre_lockdown,99.06,0.2278,0.14193,0.21797,0.22713,0.18516,0.3399,0.22327,0.17751,0.25932,0.61327,0.38673,0.5619,118.87
2020-01-23,pre_lockdown,100.9,0.23458,0.16082,0.23614,0.19613,0.17233,0.3477,0.1993,0.17413,0.27887,0.61351,0.38649,0.5797,118.86
2020-01-24,pre_lockdown,104.28,0.22853,0.1603,0.23378,0.21872,0.15867,0.35743,0.21599,0.17129,0.25529,0.61809,0.38191,0.5937,117.44
2020-01-25,pre_lockdown,110.24,0.1557,0.16915,0.13459,0.34427,0.19628,0.38259,0.17808,0.19882,0.24052,0.65014,0.34986,0.6014,119.24
2020-01-26,pre_lockdown,110.62,0.16224,0.19792,0.13659,0.28848,0.21477,0.38365,0.18039,0.18935,0.24661,0.65673,0.34327,0.5897,117.43
2020-01-27,pre_lockdown,102.97,0.23928,0.15046,0.20823,0.22754,0.1745,0.34418,0.22261,0.16836,0.26484,0.65255,0.34745,0.5957,117.27
2020-01-28,pre_lockdown,106.91,0.23918,0.15605,0.20959,0.22544,0.16974,0.33014,0.2319,0.17285,0.26511,0.64129,0.35871,0.5764,117.8
2020-01-29,pre_lockdown,101.75,0.24292,0.14712,0.21714,0.22216,0.17065,0.33953,0.22263,0.1731,0.26473,0.63589,0.36411,0.5834,115.52
2020-01-30,pre_lockdown,102.6,0.23878,0.16014,0.2515,0.19294,0.15664,0.35407,0.20529,0.17393,0.26672,0.61651,0.38349,0.5882,117.97
2020-01-31,pre_lockdown,103.14,0.21968,0.15223,0.22096,0.21778,0.18936,0.32381,0.22572,0.16758,0.28289,0.60556,0.39444,0.5821,117.19
2020-02-01,pre_lockdown,112.9,0.15831,0.19169,0.13586,0.31568,0.19845,0.38493,0.19861,0.18443,0.23203,0.66186,0.33814,0.5948,118.62
2020-02-02,pre_lockdown,107.33,0.14683,0.18949,0.14061,0.329,0.19407,0.37177,0.18261,0.20735,0.23828,0.66526,0.33474,0.5696,117.77
2020-02-03,pre_lockdown,106.39,0.22261,0.14349,0.23968,0.22557,0.16866,0.35446,0.21983,0.17179,0.25392,0.62043,0.37957,0.5963,117.73
2020-02-04,pre_lockdown,105.02,0.2264,0.14093,0.24232,0.22291,0.16745,0.32655,0.23091,0.17212,0.27041,0.61927,0.38073,0.5545,116.98
2020-02-05,pre_lockdown,105.38,0.23286,0.15239,0.22667,0.21952,0.16856,0.33576,0.22532,0.16628,0.27265,0.62085,0.37915,0.5831,117.23
2020-02-06,pre_lockdown,104.84,0.21693,0.1549,0.22275,0.21786,0.18755,0.34069,0.20646,0.1772,0.27565,0.63703,0.36297,0.5681,120.0
2020-02-07,pre_lockdown,102.97,0.2273,0.15714,0.23004,0.21233,0.1732,0.33096,0.21151,0.18354,0.27399,0.59555,0.40445,0.5791,117.3
2020-02-08,pre_lockdown,112.41,0.16211,0.18524,0.14362,0.30459,0.20444,0.38918,0.17681,0.19728,0.23674,0.65726,0.34274,0.5944,116.56
2020-02-09,pre_lockdown,105.89,0.16206,0.19012,0.14123,0.30476,0.20184,0.38569,0.18339,0.19025,0.24068,0.64582,0.35418,0.5914,118.27
2020-02-10,pre_lockdown,103.62,0.23659,0.16743,0.21862,0.20673,0.17063,0.35517,0.2149,0.16241,0.26752,0.62053,0.37947,0.583,119.21
2020-02-11,pre_lockdown,103.49,0.2227,0.16376,0.20539,0.21859,0.18957,0.32644,0.2135,0.17668,0.28338,0.61511,0.38489,0.6062,117.41
2020-02-12,pre_lockdown,105.06,0.23415,0.15154,0.20517,0.24843,0.1607,0.33909,0.2267,0.17017,0.26404,0.61784,0.38216,0.5663,118.6
2020-02-13,pre_lockdown,104.54,0.2362,0.15657,0.22649,0.20144,0.1793,0.3434,0.21408,0.17245,0.27007,0.62988,0.37012,0.5645,117.86
2020-02-14,pre_lockdown,105.18,0.23874,0.15461,0.21433,0.22208,0.17024,0.35781,0.20361,0.17029,0.26829,0.62286,0.37714,0.5896,118.52
2020-02-15,pre_lockdown,111.27,0.15875,0.18732,0.14986,0.29784,0.20622,0.3678,0.18962,0.18797,0.25461,0.64664,0.35336,0.5802,117.19
2020-02-16,pre_lockdown,110.2,0.16007,0.17465,0.14701,0.31161,0.20665,0.38885,0.17272,0.19752,0.24091,0.66298,0.33702,0.5876,117.08
2020-02-17,pre_lockdown,106.68,0.2353,0.15518,0.22646,0.21054,0.17252,0.34503,0.22634,0.18108,0.24755,0.61639,0.38361,0.5927,117.86
2020-02-18,pre_lockdown,102.62,0.22748,0.16155,0.20914,0.22117,0.18067,0.35576,0.22186,0.16572,0.25665,0.61028,0.38972,0.5845,116.96
2020-02-19,pre_lockdown,103.66,0.22478,0.15119,0.22259,0.22509,0.17635,0.32422,0.22767,0.1801,0.26802,0.61595,0.38405,0.5856,117.19
2020-02-20,pre_lockdown,106.01,0.21358,0.15126,0.22846,0.2406,0.16609,0.33702,0.22025,0.17395,0.26878,0.628,0.372,0.5889,116.55
2020-02-21,pre_lockdown,105.92,0.2391,0.15531,0.21259,0.21632,0.17668,0.34326,0.22031,0.17657,0.25987,0.6254,0.3746,0.5792,117.65
2020-02-22,pre_lockdown,113.77,0.15378,0.19895,0.13991,0.30557,0.20179,0.38665,0.1796,0.20485,0.2289,0.66461,0.33539,0.5729,116.67
2020-02-23,pre_lockdown,113.62,0.14769,0.18399,0.14461,0.32245,0.20126,0.37801,0.19825,0.19286,0.23088,0.65408,0.34592,0.6019,118.47
2020-02-24,pre_lockdown,107.43,0.24059,0.16393,0.2028,0.21472,0.17797,0.34764,0.21835,0.18219,0.25183,0.62337,0.37663,0.5649,117.26
2020-02-25,pre_lockdown,101.69,0.23868,0.14564,0.22316,0.21913,0.17338,0.33665,0.23805,0.16898,0.25633,0.63965,0.36035,0.5756,117.87
2020-02-26,pre_lockdown,102.22,0.22553,0.14455,0.23036,0.21973,0.17982,0.35967,0.21018,0.18363,0.24651,0.64218,0.35782,0.5588,118.06
2020-02-27,pre_lockdown,101.4,0.22709,0.15791,0.23294,0.20823,0.17382,0.32013,0.2473,0.17178,0.26078,0.60457,0.39543,0.5689,116.84
2020-02-28,pre_lockdown,105.3,0.22637,0.15341,0.23237,0.22246,0.16538,0.3549,0.21485,0.18883,0.24143,0.62331,0.37669,0.5854,116.49
2020-02-29,pre_lockdown,114.08,0.1527,0.17024,0.14584,0.32892,0.20231,0.39893,0.1826,0.19973,0.21874,0.65469,0.34531,0.5749,118.31
2020-03-01,pre_lockdown,110.07,0.14415,0.16939,0.17196,0.31026,0.20424,0.3922,0.18914,0.2017,0.21696,0.67786,0.32214,0.5873,117.6
2020-03-02,pre_lockdown,101.5,0.20567,0.13767,0.24825,0.22331,0.18511,0.33815,0.24337,0.1781,0.24038,0.65641,0.34359,0.5963,118.25
2020-03-03,pre_lockdown,101.5,0.20671,0.14835,0.23782,0.22599,0.18114,0.34641,0.23412,0.19465,0.22482,0.63237,0.36763,0.5684,116.46
2020-03-04,pre_lockdown,107.66,0.19566,0.13101,0.25352,0.22617,0.19364,0.32225,0.24993,0.20372,0.22409,0.63708,0.36292,0.5602,117.02
2020-03-05,pre_lockdown,106.98,0.17819,0.14203,0.24901,0.21649,0.21427,0.33959,0.2503,0.20083,0.20927,0.64393,0.35607,0.5505,118.2
2020-03-06,pre_lockdown,101.9,0.19809,0.12774,0.24792,0.22406,0.20219,0.35375,0.23706,0.21095,0.19825,0.6451,0.3549,0.5467,115.74
2020-03-07,pre_lockdown,111.82,0.10995,0.14656,0.15583,0.33082,0.25684,0.39328,0.18934,0.24297,0.17441,0.69812,0.30188,0.5837,114.77
2020-03-08,pre_lockdown,112.43,0.10897,0.14268,0.18524,0.3137,0.24941,0.37878,0.21595,0.25224,0.15302,0.69618,0.30382,0.5496,114.8
2020-03-09,pre_lockdown,106.55,0.14077,0.11807,0.27108,0.24975,0.22034,0.34074,0.25927,0.23799,0.162,0.66013,0.33987,0.5511,115.12
2020-03-10,pre_lockdown,104.09,0.1235,0.11133,0.28385,0.25556,0.22577,0.34292,0.28058,0.21993,0.15657,0.67284,0.32716,0.5321,114.69
2020-03-11,lockdown,105.22,0.11633,0.11328,0.28278,0.24101,0.24661,0.33517,0.28591,0.23884,0.14008,0.6728,0.3272,0.5468,112.16
2020-03-12,lockdown,109.37,0.1152,0.09384,0.29594,0.24319,0.25182,0.32298,0.26689,0.26766,0.14247,0.70577,0.29423,0.539,112.32
2020-03-13,lockdown,107.85,0.09632,0.09126,0.31522,0.24547,0.25173,0.32651,0.27641,0.27329,0.12379,0.69,0.31,0.5272,111.92
2020-03-14,lockdown,114.14,0.05801,0.09899,0.20137,0.33802,0.30361,0.35407,0.22821,0.31946,0.09827,0.72797,0.27203,0.5221,112.35
2020-03-15,lockdown,113.86,0.05518,0.10014,0.19219,0.37175,0.28073,0.34443,0.24387,0.32088,0.09082,0.74199,0.25801,0.5439,112.14
2020-03-16,lockdown,107.85,0.07521,0.07963,0.33474,0.24744,0.26299,0.31212,0.29552,0.29616,0.09621,0.7241,0.2759,0.509,112.37
2020-03-17,lockdown,104.63,0.06949,0.07965,0.33878,0.24646,0.26562,0.30845,0.30315,0.29157,0.09682,0.71115,0.28885,0.5181,110.81
2020-03-18,lockdown,109.49,0.06981,0.07311,0.29982,0.25914,0.29812,0.3041,0.31088,0.29183,0.09318,0.73398,0.26602,0.5212,110.94
2020-03-19,lockdown,109.64,0.06415,0.07387,0.31777,0.2426,0.30161,0.30176,0.30167,0.30776,0.08882,0.74398,0.25602,0.5021,111.09
2020-03-20,lockdown,111.42,0.06293,0.06866,0.35476,0.24143,0.27222,0.31487,0.28543,0.31371,0.08598,0.73511,0.26489,0.4862,109.07
2020-03-21,lockdown,119.35,0.0402,0.07925,0.21128,0.3528,0.31648,0.31613,0.24615,0.36843,0.06929,0.76294,0.23706,0.5139,111.41
2020-03-22,lockdown,118.22,0.03705,0.07858,0.20916,0.34854,0.32666,0.32913,0.2518,0.35244,0.06664,0.76203,0.23797,0.5161,111.97
2020-03-23,lockdown,109.62,0.0526,0.07081,0.34758,0.24026,0.28875,0.29942,0.32486,0.2967,0.07903,0.73442,0.26558,0.4933,110.14
2020-03-24,lockdown,106.6,0.05885,0.07736,0.36105,0.23098,0.27176,0.29051,0.30179,0.33307,0.07463,0.73803,0.26197,0.5039,110.53
2020-03-25,lockdown,106.81,0.0486,0.06802,0.33732,0.24294,0.30313,0.29383,0.31119,0.32071,0.07427,0.73721,0.26279,0.4978,111.58
2020-03-26,lockdown,112.29,0.06033,0.0722,0.33869,0.25342,0.27537,0.29661,0.30956,0.31545,0.07838,0.72,0.28,0.5007,108.74
2020-03-27,lockdown,106.21,0.05369,0.06432,0.33604,0.23874,0.30721,0.28633,0.33581,0.30158,0.07628,0.73811,0.26189,0.5028,111.39
2020-03-28,lockdown,117.71,0.03676,0.07313,0.2184,0.31469,0.35702,0.30782,0.25461,0.36927,0.0683,0.77801,0.22199,0.4936,108.47
2020-03-29,lockdown,114.93,0.03301,0.07298,0.20295,0.33541,0.35565,0.31391,0.25429,0.36789,0.06391,0.76958,0.23042,0.5072,108.21
2020-03-30,lockdown,106.62,0.05673,0.06702,0.33597,0.24292,0.29736,0.29131,0.32512,0.31348,0.07008,0.75007,0.24993,0.4824,109.04
2020-03-31,lockdown,109.18,0.05522,0.06752,0.32517,0.25851,0.29358,0.30537,0.31746,0.30638,0.07078,0.74289,0.25711,0.4712,110.7
2020-04-01,lockdown,111.69,0.05594,0.06926,0.33417,0.24168,0.29894,0.28572,0.30824,0.33291,0.07313,0.74026,0.25974,0.4956,109.34
2020-04-02,lockdown,107.67,0.05795,0.06919,0.34058,0.24205,0.29022,0.28138,0.31487,0.33092,0.07283,0.72194,0.27806,0.5103,110.58
2020-04-03,lockdown,109.52,0.05097,0.06495,0.33322,0.23916,0.3117,0.29485,0.33101,0.30627,0.06786,0.75709,0.24291,0.4892,108.42
2020-04-04,lockdown,115.08,0.03494,0.07405,0.21514,0.33934,0.33652,0.31743,0.25875,0.35949,0.06433,0.77007,0.22993,0.5001,110.51
2020-04-05,lockdown,112.63,0.04052,0.07481,0.22088,0.33901,0.32478,0.33789,0.25497,0.34411,0.06303,0.76994,0.23006,0.5078,109.17
2020-04-06,lockdown,111.67,0.04885,0.06657,0.35298,0.2386,0.29301,0.29875,0.30853,0.32195,0.07077,0.74541,0.25459,0.4913,108.83
2020-04-07,lockdown,104.21,0.05166,0.07073,0.3463,0.24034,0.29097,0.30489,0.3002,0.32658,0.06832,0.73434,0.26566,0.4732,107.49
2020-04-08,lockdown,111.77,0.05799,0.07163,0.33264,0.24059,0.29715,0.30442,0.30951,0.3136,0.07246,0.7319,0.2681,0.4903,110.2
2020-04-09,lockdown,111.56,0.05691,0.06511,0.33654,0.2468,0.29464,0.29138,0.31413,0.32115,0.07333,0.74244,0.25756,0.4917,108.5
2020-04-10,lockdown,113.63,0.04899,0.06987,0.34788,0.23249,0.30078,0.29508,0.31166,0.32051,0.07275,0.75004,0.24996,0.5042,108.89
2020-04-11,lockdown,117.24,0.03725,0.07458,0.21515,0.33907,0.33395,0.32733,0.25968,0.35155,0.06144,0.75361,0.24639,0.5013,108.26
2020-04-12,lockdown,116.03,0.0368,0.07756,0.21635,0.32212,0.34718,0.31571,0.26974,0.35113,0.06343,0.77371,0.22629,0.5095,109.55
2020-04-13,lockdown,113.15,0.05055,0.06392,0.34721,0.24622,0.2921,0.28782,0.31165,0.32262,0.07792,0.72658,0.27342,0.5053,107.8
2020-04-14,lockdown,109.06,0.05458,0.06183,0.33009,0.25893,0.29457,0.30192,0.3172,0.31168,0.0692,0.73769,0.26231,0.4852,109.74
2020-04-15,lockdown,109.63,0.0525,0.06362,0.36697,0.23032,0.2866,0.29809,0.3177,0.3141,0.07011,0.73935,0.26065,0.4927,107.88
2020-04-16,lockdown,115.26,0.05767,0.07146,0.33013,0.25316,0.28757,0.28186,0.31585,0.32791,0.07437,0.73339,0.26661,0.4821,110.5
2020-04-17,lockdown,107.15,0.055,0.06403,0.34844,0.23247,0.30007,0.31042,0.30036,0.31435,0.07486,0.73068,0.26932,0.4952,109.58
2020-04-18,lockdown,113.13,0.03733,0.07752,0.20974,0.32866,0.34676,0.31699,0.26161,0.35574,0.06566,0.76942,0.23058,0.4928,108.99
2020-04-19,lockdown,116.44,0.03652,0.07429,0.22176,0.32255,0.34488,0.31184,0.25524,0.37038,0.06255,0.76283,0.23717,0.5134,110.69
2020-04-20,lockdown,110.93,0.05191,0.0647,0.35888,0.23426,0.29025,0.2978,0.28977,0.33584,0.07658,0.74776,0.25224,0.4903,108.75
2020-04-21,lockdown,113.73,0.05507,0.06146,0.35334,0.23416,0.29597,0.30187,0.30508,0.31811,0.07494,0.73928,0.26072,0.5027,109.24
2020-04-22,lockdown,109.11,0.0534,0.06591,0.34786,0.23912,0.29371,0.28577,0.31696,0.32019,0.07709,0.73688,0.26312,0.4814,108.38
2020-04-23,lockdown,107.28,0.05339,0.06982,0.3237,0.2583,0.29479,0.28008,0.30592,0.34266,0.07135,0.72857,0.27143,0.497,108.99
2020-04-24,lockdown,113.71,0.05394,0.06702,0.34174,0.25787,0.27943,0.28558,0.30644,0.33299,0.075,0.72642,0.27358,0.4833,109.72
2020-04-25,lockdown,115.06,0.03885,0.07916,0.21473,0.33203,0.33522,0.30862,0.2534,0.37298,0.065,0.75327,0.24673,0.4923,109.46
2020-04-26,lockdown,115.46,0.03245,0.07398,0.20044,0.35592,0.33721,0.32893,0.25208,0.35152,0.06747,0.75908,0.24092,0.515,108.2
2020-04-27,lockdown,110.77,0.05543,0.0695,0.35245,0.21837,0.30426,0.2897,0.30196,0.33333,0.075,0.73671,0.26329,0.5009,110.0
2020-04-28,lockdown,109.95,0.0589,0.07121,0.35184,0.23882,0.27922,0.27504,0.31188,0.33975,0.07334,0.74851,0.25149,0.4811,110.09
2020-04-29,lockdown,108.51,0.05255,0.06345,0.3429,0.24712,0.29397,0.30117,0.30334,0.32159,0.0739,0.75036,0.24964,0.4877,110.07
2020-04-30,lockdown,109.73,0.0534,0.06394,0.35127,0.21484,0.31654,0.28722,0.31147,0.33143,0.06988,0.73825,0.26175,0.4883,111.5
2020-05-01,lockdown,108.22,0.05346,0.0662,0.34384,0.23209,0.3044,0.30905,0.29853,0.3235,0.06892,0.73581,0.26419,0.4786,107.48
2020-05-02,lockdown,119.16,0.03289,0.07592,0.22635,0.32685,0.33799,0.30194,0.24573,0.38938,0.06295,0.77252,0.22748,0.524,109.0
2020-05-03,lockdown,114.17,0.03568,0.07752,0.2251,0.33201,0.3297,0.3314,0.24342,0.36589,0.05929,0.77088,0.22912,0.5212,108.41
2020-05-04,lockdown,109.65,0.05316,0.06753,0.35214,0.23205,0.29512,0.2883,0.29635,0.34514,0.07021,0.74617,0.25383,0.4916,110.03
2020-05-05,lockdown,107.58,0.05067,0.06524,0.32703,0.26053,0.29654,0.30686,0.30882,0.30925,0.07507,0.74669,0.25331,0.4975,110.65
2020-05-06,lockdown,111.36,0.05723,0.06683,0.33875,0.26118,0.27601,0.29659,0.2947,0.33303,0.07568,0.74275,0.25725,0.5025,109.14
2020-05-07,lockdown,109.88,0.04941,0.07539,0.33134,0.25207,0.29179,0.30901,0.30093,0.32168,0.06838,0.72356,0.27644,0.4839,109.45
2020-05-08,lockdown,105.3,0.05591,0.06938,0.33084,0.25403,0.28984,0.29325,0.31097,0.32372,0.07207,0.73344,0.26656,0.4877,109.82
2020-05-09,lockdown,116.5,0.03572,0.08039,0.20104,0.34449,0.33836,0.31738,0.24883,0.37274,0.06105,0.7714,0.2286,0.5188,109.04
2020-05-10,lockdown,114.06,0.03326,0.08371,0.2132,0.34696,0.32286,0.32788,0.24977,0.35982,0.06254,0.77119,0.22881,0.4861,109.66
2020-05-11,lockdown,111.15,0.05,0.064,0.34163,0.25264,0.29172,0.29437,0.30339,0.33319,0.06904,0.73341,0.26659,0.4887,108.94
2020-05-12,lockdown,106.76,0.0532,0.06637,0.35516,0.24526,0.28001,0.29315,0.30663,0.32787,0.07235,0.76507,0.23493,0.4957,108.72
2020-05-13,lockdown,116.36,0.05171,0.06331,0.3295,0.24232,0.31317,0.30913,0.2934,0.33131,0.06616,0.73382,0.26618,0.512,109.47
2020-05-14,lockdown,108.26,0.05523,0.06894,0.35998,0.22123,0.29462,0.29434,0.30541,0.33026,0.06999,0.75422,0.24578,0.4949,109.81
2020-05-15,lockdown,110.99,0.05483,0.06828,0.33711,0.22911,0.31068,0.30033,0.29652,0.33079,0.07235,0.7389,0.2611,0.4905,110.38
2020-05-16,lockdown,118.96,0.03336,0.07529,0.22259,0.32775,0.341,0.32468,0.27508,0.32767,0.07257,0.77494,0.22506,0.5255,108.68
2020-05-17,lockdown,116.65,0.033,0.07332,0.21471,0.35222,0.32674,0.31899,0.24925,0.36828,0.06348,0.76209,0.23791,0.5259,107.83
2020-05-18,lockdown,108.94,0.06052,0.0654,0.34166,0.24504,0.28739,0.28959,0.29262,0.34272,0.07506,0.72114,0.27886,0.4672,109.58
2020-05-19,lockdown,109.12,0.05357,0.05956,0.35235,0.25725,0.27727,0.30521,0.29998,0.32233,0.07247,0.72244,0.27756,0.4912,108.87
2020-05-20,lockdown,107.51,0.05666,0.07084,0.32384,0.25291,0.29576,0.29005,0.29648,0.33874,0.07473,0.73171,0.26829,0.4929,110.84
2020-05-21,lockdown,108.74,0.05631,0.06343,0.34653,0.24675,0.28698,0.30581,0.29729,0.32232,0.07457,0.73981,0.26019,0.5017,109.77
2020-05-22,lockdown,109.43,0.05179,0.06689,0.33561,0.25736,0.28835,0.28161,0.31645,0.32381,0.07814,0.73981,0.26019,0.5037,109.93
2020-05-23,lockdown,116.77,0.03509,0.07097,0.20762,0.34394,0.34238,0.30832,0.24478,0.37877,0.06813,0.76653,0.23347,0.495,110.46
2020-05-24,lockdown,117.62,0.0365,0.07779,0.21734,0.32919,0.33918,0.332,0.24693,0.3605,0.06057,0.74443,0.25557,0.5201,110.53
2020-05-25,lockdown,109.57,0.05336,0.06542,0.31651,0.27152,0.29319,0.28825,0.30605,0.33287,0.07283,0.74505,0.25495,0.4917,107.91
2020-05-26,lockdown,112.97,0.05488,0.0636,0.34462,0.24372,0.29318,0.29359,0.30636,0.32837,0.07167,0.74719,0.25281,0.5007,110.23
2020-05-27,lockdown,106.84,0.05315,0.06226,0.36505,0.24796,0.27159,0.30962,0.29584,0.31982,0.07473,0.74417,0.25583,0.5001,108.27
2020-05-28,lockdown,110.29,0.05027,0.0634,0.34549,0.24735,0.29349,0.30724,0.30957,0.30471,0.07847,0.7339,0.2661,0.5074,109.23
2020-05-29,lockdown,114.69,0.05587,0.06975,0.34097,0.23478,0.29864,0.30272,0.30052,0.31807,0.07869,0.74384,0.25616,0.5,107.9
2020-05-30,lockdown,118.29,0.04046,0.0779,0.22215,0.32387,0.33562,0.31728,0.24972,0.36707,0.06593,0.76368,0.23632,0.5118,108.8
2020-05-31,lockdown,115.6,0.03551,0.0704,0.23063,0.32755,0.33591,0.33312,0.24504,0.36362,0.05822,0.77779,0.22221,0.5223,108.85
2020-06-01,lockdown,111.99,0.05384,0.06754,0.34246,0.23881,0.29735,0.2999,0.29292,0.33481,0.07237,0.73918,0.26082,0.4941,109.63
2020-06-02,lockdown,110.31,0.05238,0.07078,0.35412,0.24005,0.28268,0.29193,0.30643,0.32217,0.07947,0.73829,0.26171,0.5024,108.38
2020-06-03,lockdown,110.11,0.05573,0.07416,0.34069,0.23698,0.29243,0.29836,0.28837,0.34304,0.07023,0.73672,0.26328,0.5062,108.99
2020-06-04,lockdown,113.25,0.06148,0.07386,0.33931,0.24391,0.28144,0.27958,0.30809,0.33663,0.0757,0.73761,0.26239,0.5192,109.59
2020-06-05,lockdown,109.25,0.05965,0.06503,0.34197,0.23073,0.30262,0.28723,0.30731,0.33153,0.07393,0.73048,0.26952,0.4911,109.27
2020-06-06,lockdown,118.66,0.03958,0.08006,0.21532,0.35107,0.31397,0.31983,0.25457,0.36212,0.06348,0.76378,0.23622,0.5227,110.13
2020-06-07,lockdown,119.04,0.0385,0.08083,0.21992,0.33194,0.32881,0.32058,0.24149,0.37586,0.06207,0.76324,0.23676,0.535,109.28
2020-06-08,lockdown,103.4,0.06361,0.07166,0.34522,0.23242,0.28709,0.29434,0.30609,0.32106,0.07852,0.74784,0.25216,0.4899,109.91
2020-06-09,lockdown,113.44,0.0555,0.06985,0.32609,0.24048,0.30807,0.29445,0.30851,0.31439,0.08265,0.74556,0.25444,0.487,110.41
2020-06-10,lockdown,109.08,0.06055,0.07518,0.32315,0.24477,0.29635,0.27422,0.29993,0.34915,0.0767,0.7506,0.2494,0.5257,109.05
2020-06-11,lockdown,112.43,0.06085,0.07131,0.34561,0.23426,0.28797,0.27351,0.28645,0.35077,0.08927,0.73088,0.26912,0.5223,109.96
2020-06-12,lockdown,115.11,0.06272,0.06951,0.3337,0.25258,0.28149,0.28715,0.29947,0.33327,0.08011,0.74086,0.25914,0.4935,110.2
2020-06-13,lockdown,114.75,0.04226,0.08905,0.19816,0.33532,0.3352,0.31464,0.26212,0.35093,0.07231,0.76757,0.23243,0.5049,111.08
2020-06-14,lockdown,116.17,0.04064,0.08036,0.20337,0.33704,0.33859,0.32258,0.24939,0.36033,0.0677,0.75531,0.24469,0.5154,111.04
2020-06-15,lockdown,109.02,0.06144,0.07896,0.33982,0.23208,0.2877,0.3143,0.26782,0.33591,0.08197,0.73602,0.26398,0.5016,110.07
2020-06-16,lockdown,108.05,0.0622,0.07311,0.34207,0.25564,0.26698,0.29858,0.2992,0.31959,0.08262,0.72185,0.27815,0.5118,110.91
2020-06-17,lockdown,110.28,0.06735,0.07327,0.32408,0.23485,0.30045,0.29128,0.28475,0.33851,0.08546,0.71357,0.28643,0.4999,111.61
2020-06-18,lockdown,112.6,0.06656,0.07688,0.33018,0.2266,0.29979,0.30668,0.28379,0.32389,0.08565,0.72722,0.27278,0.4996,109.68
2020-06-19,lockdown,111.5,0.06881,0.07809,0.3263,0.2337,0.2931,0.28136,0.29676,0.33283,0.08906,0.72782,0.27218,0.498,112.83
2020-06-20,lockdown,113.92,0.04469,0.08943,0.21206,0.34429,0.30953,0.33025,0.23784,0.35866,0.07325,0.75409,0.24591,0.5264,111.08
2020-06-21,lockdown,117.73,0.04681,0.09439,0.19722,0.33405,0.32754,0.32105,0.24412,0.36073,0.0741,0.75174,0.24826,0.5331,110.13
2020-06-22,lockdown,114.36,0.07213,0.07248,0.33257,0.24973,0.27309,0.30578,0.28845,0.31333,0.09244,0.72539,0.27461,0.5132,110.36
2020-06-23,lockdown,109.51,0.07722,0.0747,0.30114,0.26121,0.28573,0.30979,0.28837,0.31438,0.08746,0.73225,0.26775,0.4969,111.19
2020-06-24,lockdown,109.79,0.06882,0.07634,0.32361,0.25177,0.27946,0.29333,0.29127,0.32924,0.08615,0.72797,0.27203,0.5254,111.2
2020-06-25,lockdown,111.6,0.08426,0.08269,0.34126,0.22987,0.26192,0.28728,0.29753,0.32479,0.0904,0.7211,0.2789,0.5073,112.53
2020-06-26,lockdown,110.24,0.07601,0.07485,0.31664,0.24763,0.28487,0.30298,0.27403,0.32292,0.10007,0.70557,0.29443,0.5181,110.8
2020-06-27,lockdown,115.71,0.05422,0.11017,0.20774,0.32928,0.29859,0.33788,0.23371,0.34764,0.08077,0.73739,0.26261,0.5398,110.61
2020-06-28,lockdown,117.11,0.05316,0.10077,0.18843,0.36191,0.29572,0.33072,0.23326,0.34881,0.08721,0.74238,0.25762,0.5324,111.29
2020-06-29,lockdown,109.5,0.08379,0.08869,0.30959,0.24564,0.27229,0.30153,0.30054,0.28746,0.11046,0.70613,0.29387,0.5321,109.64
2020-06-30,lockdown,111.06,0.08759,0.08054,0.33223,0.23647,0.26317,0.30199,0.27438,0.32377,0.09986,0.70404,0.29596,0.5324,112.5
2020-07-01,reopening,111.82,0.08413,0.08611,0.29929,0.26549,0.26498,0.31018,0.26619,0.31971,0.10392,0.71323,0.28677,0.5235,113.26
2020-07-02,reopening,110.64,0.08174,0.08839,0.32427,0.24652,0.25908,0.27348,0.2846,0.32991,0.11201,0.7111,0.2889,0.541,113.13
2020-07-03,reopening,108.95,0.09507,0.08978,0.31233,0.23885,0.26398,0.302,0.28321,0.30501,0.10977,0.70345,0.29655,0.5251,111.53
2020-07-04,reopening,119.06,0.06544,0.09933,0.20203,0.34785,0.28535,0.319,0.23136,0.35086,0.09878,0.72135,0.27865,0.5416,112.33
2020-07-05,reopening,115.03,0.0628,0.10726,0.20468,0.33593,0.28933,0.33021,0.2097,0.35905,0.10105,0.74665,0.25335,0.5352,112.61
2020-07-06,reopening,104.83,0.10985,0.10115,0.30586,0.23202,0.25112,0.28374,0.28009,0.31989,0.11628,0.70703,0.29297,0.5311,112.75
2020-07-07,reopening,111.0,0.10153,0.09236,0.31699,0.24901,0.24011,0.28469,0.26794,0.32695,0.12042,0.707,0.293,0.5197,112.35
2020-07-08,reopening,112.38,0.10188,0.09999,0.3045,0.24365,0.24999,0.29912,0.26991,0.31258,0.11838,0.70678,0.29322,0.5206,113.16
2020-07-09,reopening,110.25,0.112,0.09572,0.31352,0.24275,0.23601,0.3015,0.25541,0.31199,0.1311,0.70841,0.29159,0.5281,115.96
2020-07-10,reopening,106.91,0.11212,0.10106,0.27876,0.244,0.26406,0.30901,0.25954,0.30039,0.13106,0.69417,0.30583,0.5414,115.49
2020-07-11,reopening,115.52,0.06844,0.11357,0.20751,0.33081,0.27967,0.34609,0.20515,0.3435,0.10526,0.723,0.277,0.5513,113.93
2020-07-12,reopening,117.68,0.07111,0.11802,0.17999,0.33841,0.29248,0.34459,0.21601,0.32767,0.11173,0.72116,0.27884,0.5209,112.17
2020-07-13,reopening,109.88,0.1165,0.10392,0.30498,0.23685,0.23775,0.27986,0.28376,0.30562,0.13076,0.67153,0.32847,0.5597,115.31
2020-07-14,reopening,111.03,0.11579,0.10967,0.29931,0.2396,0.23562,0.30935,0.25059,0.30582,0.13424,0.68902,0.31098,0.524,112.45
2020-07-15,reopening,109.59,0.10905,0.10256,0.28673,0.24418,0.25748,0.30162,0.25229,0.31525,0.13084,0.70341,0.29659,0.5221,112.39
2020-07-16,reopening,110.29,0.11574,0.10472,0.28923,0.26237,0.22794,0.29394,0.25551,0.31734,0.1332,0.68048,0.31952,0.5305,111.94
2020-07-17,reopening,106.85,0.11604,0.10504,0.297,0.2337,0.24821,0.30748,0.24688,0.31294,0.1327,0.70385,0.29615,0.5204,110.6
2020-07-18,reopening,117.62,0.08696,0.12343,0.17006,0.34815,0.27139,0.33971,0.21672,0.33325,0.11033,0.72156,0.27844,0.5581,113.77
2020-07-19,reopening,117.11,0.08075,0.11754,0.18271,0.35528,0.26372,0.33777,0.20185,0.34354,0.11684,0.72452,0.27548,0.5444,113.53
2020-07-20,reopening,106.78,0.119,0.10455,0.29013,0.24319,0.24312,0.2892,0.26509,0.31222,0.13349,0.70782,0.29218,0.5271,115.63
2020-07-21,reopening,108.44,0.11851,0.10323,0.29644,0.24282,0.23901,0.28757,0.26207,0.31054,0.13981,0.69868,0.30132,0.5324,114.05
2020-07-22,reopening,108.28,0.12607,0.10487,0.27791,0.24786,0.24329,0.30991,0.25892,0.30118,0.13,0.70534,0.29466,0.5264,115.34
2020-07-23,reopening,105.4,0.13778,0.11589,0.29093,0.23224,0.22316,0.29975,0.26117,0.29612,0.14296,0.6826,0.3174,0.529,113.41
2020-07-24,reopening,109.26,0.12312,0.10204,0.30906,0.22115,0.24464,0.27921,0.26853,0.30841,0.14385,0.67797,0.32203,0.5195,114.04
2020-07-25,reopening,112.99,0.08845,0.12918,0.18172,0.33213,0.26853,0.35047,0.20773,0.32264,0.11916,0.72563,0.27437,0.5559,114.93
2020-07-26,reopening,116.5,0.08432,0.12013,0.18211,0.34779,0.26565,0.32295,0.2136,0.33948,0.12398,0.72795,0.27205,0.5428,114.73
2020-07-27,reopening,111.12,0.13315,0.11134,0.26504,0.22658,0.26389,0.28654,0.25829,0.30679,0.14837,0.68659,0.31341,0.554,113.73
2020-07-28,reopening,112.64,0.13158,0.11323,0.28883,0.23717,0.22919,0.29335,0.25495,0.30077,0.15093,0.69519,0.30481,0.5205,113.38
2020-07-29,reopening,108.03,0.12056,0.12228,0.28221,0.24472,0.23021,0.29937,0.26495,0.30549,0.13019,0.69367,0.30633,0.5334,113.66
2020-07-30,reopening,109.87,0.13596,0.10663,0.29306,0.24052,0.22382,0.29005,0.26119,0.30896,0.1398,0.68698,0.31302,0.5485,114.51
2020-07-31,reopening,109.47,0.14267,0.11575,0.28977,0.23649,0.21532,0.30518,0.26225,0.28266,0.14991,0.70242,0.29758,0.5532,113.74
2020-08-01,reopening,114.33,0.08341,0.12825,0.17721,0.35126,0.25987,0.33569,0.20056,0.33467,0.12908,0.71581,0.28419,0.5742,113.31
2020-08-02,reopening,117.97,0.08697,0.1269,0.18085,0.34566,0.25963,0.31836,0.21831,0.33677,0.12657,0.70584,0.29416,0.5701,115.45
2020-08-03,reopening,108.44,0.13382,0.1146,0.28828,0.24674,0.21657,0.29652,0.25639,0.29841,0.14867,0.68392,0.31608,0.5709,116.71
2020-08-04,reopening,113.55,0.14858,0.11229,0.26673,0.2437,0.2287,0.30456,0.2606,0.28547,0.14938,0.68109,0.31891,0.5237,113.18
2020-08-05,reopening,105.15,0.12455,0.10959,0.28325,0.24347,0.23914,0.28774,0.2485,0.30822,0.15554,0.68568,0.31432,0.5591,114.84
2020-08-06,reopening,105.17,0.13857,0.108,0.282,0.225,0.24643,0.29502,0.25386,0.3013,0.14983,0.70108,0.29892,0.5298,113.82
2020-08-07,reopening,107.79,0.13064,0.11788,0.27908,0.23898,0.23342,0.30932,0.24705,0.29731,0.14633,0.70621,0.29379,0.5491,115.78
2020-08-08,reopening,115.47,0.08923,0.12313,0.16527,0.35393,0.26844,0.31843,0.19647,0.34098,0.14412,0.7323,0.2677,0.552,113.08
2020-08-09,reopening,121.18,0.09718,0.13076,0.16366,0.34601,0.26239,0.34298,0.19727,0.33286,0.12689,0.70923,0.29077,0.5671,114.81
2020-08-10,reopening,110.7,0.14555,0.10131,0.27994,0.22874,0.24446,0.31496,0.24659,0.28939,0.14907,0.69333,0.30667,0.5351,116.86
2020-08-11,reopening,106.3,0.1341,0.10981,0.27574,0.24026,0.24009,0.29223,0.25822,0.29655,0.15301,0.66352,0.33648,0.5351,113.52
2020-08-12,reopening,109.6,0.13156,0.12021,0.29486,0.22881,0.22456,0.30033,0.25329,0.28739,0.15899,0.68129,0.31871,0.5481,114.61
2020-08-13,reopening,114.54,0.14718,0.10865,0.28199,0.22105,0.24112,0.29732,0.24111,0.31112,0.15045,0.68465,0.31535,0.5422,114.06
2020-08-14,reopening,112.6,0.13648,0.11182,0.26384,0.24729,0.24057,0.2984,0.25171,0.29581,0.15408,0.66718,0.33282,0.5602,113.23
2020-08-15,reopening,118.94,0.08958,0.12649,0.16628,0.33943,0.27822,0.32082,0.20141,0.34361,0.13416,0.71778,0.28222,0.5554,113.62
2020-08-16,reopening,115.57,0.09266,0.12767,0.17933,0.33642,0.26392,0.32602,0.21234,0.3352,0.12643,0.7175,0.2825,0.5567,114.57
2020-08-17,reopening,109.81,0.14316,0.10859,0.27444,0.23325,0.24055,0.30002,0.22831,0.31494,0.15673,0.68183,0.31817,0.543,116.16
2020-08-18,reopening,113.7,0.13628,0.11229,0.28086,0.22761,0.24296,0.28831,0.2565,0.30476,0.15043,0.69057,0.30943,0.5311,112.95
2020-08-19,reopening,108.75,0.14246,0.11185,0.28392,0.22374,0.23803,0.3048,0.25365,0.30924,0.1323,0.6735,0.3265,0.5223,114.07
2020-08-20,reopening,106.73,0.12251,0.10912,0.2843,0.23813,0.24595,0.30175,0.24589,0.30524,0.14713,0.685,0.315,0.5584,115.91
2020-08-21,reopening,107.79,0.1513,0.12098,0.27866,0.24115,0.2079,0.2893,0.25281,0.31084,0.14705,0.67989,0.32011,0.5497,112.35
2020-08-22,reopening,114.66,0.0977,0.13455,0.17332,0.33109,0.26333,0.3372,0.20382,0.32307,0.13591,0.72844,0.27156,0.5746,115.63
2020-08-23,reopening,115.95,0.08997,0.13085,0.19172,0.32652,0.26094,0.31983,0.20445,0.34703,0.12869,0.72243,0.27757,0.5484,115.5
2020-08-24,reopening,109.29,0.12887,0.10617,0.27326,0.24663,0.24506,0.29653,0.2371,0.31617,0.15019,0.68295,0.31705,0.5255,112.56
2020-08-25,reopening,112.47,0.14541,0.10919,0.29766,0.23371,0.21402,0.29016,0.24026,0.32129,0.14828,0.66657,0.33343,0.5595,115.55
2020-08-26,reopening,110.12,0.11975,0.10365,0.2818,0.25045,0.24435,0.30829,0.24356,0.30839,0.13976,0.68879,0.31121,0.5513,116.33
2020-08-27,reopening,112.59,0.1393,0.11605,0.28465,0.22475,0.23525,0.32093,0.23883,0.30041,0.13984,0.68248,0.31752,0.5302,112.28
2020-08-28,reopening,108.54,0.14375,0.11389,0.28592,0.22885,0.22759,0.28806,0.24771,0.30767,0.15656,0.68157,0.31843,0.534,113.66
2020-08-29,reopening,114.5,0.09945,0.12357,0.1673,0.34793,0.26174,0.34425,0.19415,0.34242,0.11917,0.7058,0.2942,0.5624,114.88
2020-08-30,reopening,115.18,0.09941,0.13137,0.17154,0.34855,0.24913,0.33947,0.18924,0.34588,0.12541,0.72083,0.27917,0.5523,113.21
2020-08-31,reopening,108.5,0.14119,0.11389,0.25434,0.25463,0.23595,0.27963,0.25501,0.31396,0.1514,0.69158,0.30842,0.5586,115.85
2020-09-01,reopening,112.33,0.15528,0.10932,0.26633,0.23842,0.23065,0.29772,0.25118,0.29714,0.15395,0.69488,0.30512,0.5433,114.43
2020-09-02,reopening,107.15,0.14295,0.10956,0.29108,0.22884,0.22756,0.2966,0.25775,0.30115,0.1445,0.654,0.346,0.544,113.0
2020-09-03,reopening,111.65,0.12889,0.12023,0.27348,0.24895,0.22844,0.28875,0.2532,0.30033,0.15773,0.69287,0.30713,0.5449,113.84
2020-09-04,reopening,115.61,0.14555,0.10984,0.26862,0.23154,0.24446,0.31507,0.25184,0.28121,0.15188,0.67931,0.32069,0.5328,115.45
2020-09-05,reopening,119.39,0.09271,0.13128,0.17305,0.33323,0.26973,0.33039,0.19957,0.34068,0.12936,0.73504,0.26496,0.5603,114.44
2020-09-06,reopening,113.75,0.09101,0.12334,0.16815,0.33316,0.28434,0.33996,0.19493,0.3277,0.13741,0.71158,0.28842,0.5546,115.56
2020-09-07,reopening,106.14,0.12615,0.11648,0.27682,0.25453,0.22602,0.28431,0.25691,0.3077,0.15108,0.68189,0.31811,0.5477,112.52
2020-09-08,reopening,111.04,0.14063,0.11431,0.27364,0.24696,0.22447,0.28025,0.25346,0.31492,0.15137,0.68875,0.31125,0.5632,116.3
2020-09-09,reopening,107.46,0.14328,0.11637,0.27519,0.22851,0.23665,0.27729,0.247,0.31283,0.16288,0.70251,0.29749,0.5487,114.79
2020-09-10,reopening,112.33,0.14049,0.11961,0.25393,0.2532,0.23276,0.30396,0.24444,0.30709,0.14451,0.67589,0.32411,0.5343,114.29
2020-09-11,reopening,111.99,0.13277,0.11837,0.28669,0.22115,0.24102,0.32119,0.23859,0.29901,0.14121,0.69164,0.30836,0.5457,114.67
2020-09-12,reopening,119.37,0.09778,0.12119,0.17874,0.32418,0.27811,0.33676,0.20323,0.341,0.119,0.70678,0.29322,0.5598,115.72
2020-09-13,reopening,116.94,0.09431,0.12216,0.17186,0.34312,0.26854,0.34492,0.18734,0.345,0.12274,0.71707,0.28293,0.556,114.16
2020-09-14,reopening,112.79,0.12823,0.10853,0.29487,0.23694,0.23143,0.30464,0.2418,0.30369,0.14987,0.67772,0.32228,0.5389,113.73
2020-09-15,reopening,110.42,0.13493,0.1031,0.28648,0.25303,0.22247,0.29749,0.25275,0.29981,0.14996,0.68081,0.31919,0.5461,116.02
2020-09-16,reopening,110.39,0.14374,0.1101,0.2743,0.2401,0.23175,0.29997,0.24135,0.30321,0.15548,0.6731,0.3269,0.5523,113.55
2020-09-17,reopening,109.34,0.13465,0.11798,0.27292,0.2304,0.24405,0.29389,0.24313,0.31805,0.14493,0.66584,0.33416,0.5445,114.56
2020-09-18,reopening,113.03,0.13661,0.11923,0.28107,0.23183,0.23125,0.3133,0.23737,0.30414,0.14518,0.68064,0.31936,0.5294,113.9
2020-09-19,reopening,116.07,0.08405,0.11942,0.18317,0.36308,0.25028,0.31574,0.20231,0.36259,0.11935,0.71033,0.28967,0.555,112.07
2020-09-20,reopening,118.12,0.09039,0.13751,0.17311,0.33831,0.26069,0.3321,0.20317,0.3422,0.12252,0.7081,0.2919,0.535,116.77
2020-09-21,reopening,108.79,0.14898,0.10693,0.2813,0.22787,0.23492,0.29626,0.2376,0.3167,0.14944,0.67617,0.32383,0.5445,116.03
2020-09-22,reopening,109.28,0.13124,0.10833,0.29989,0.23932,0.22123,0.28858,0.23943,0.32083,0.15116,0.68347,0.31653,0.5334,115.25
2020-09-23,reopening,109.65,0.12783,0.11766,0.2564,0.25334,0.24476,0.30693,0.24615,0.29485,0.15207,0.69777,0.30223,0.5274,111.04
2020-09-24,reopening,109.11,0.13688,0.1161,0.27608,0.25618,0.21476,0.31649,0.23264,0.29566,0.15521,0.69257,0.30743,0.5488,114.69
2020-09-25,reopening,113.12,0.14972,0.11999,0.27472,0.22854,0.22703,0.30489,0.25339,0.29862,0.1431,0.67771,0.32229,0.5587,113.25
2020-09-26,reopening,116.33,0.09311,0.12698,0.19224,0.32605,0.26162,0.32756,0.19542,0.33801,0.139,0.7178,0.2822,0.5455,113.53
2020-09-27,reopening,115.85,0.10063,0.13291,0.17283,0.34501,0.24862,0.31415,0.2054,0.35912,0.12132,0.71593,0.28407,0.5664,113.58
2020-09-28,reopening,109.83,0.13762,0.11265,0.29104,0.23855,0.22014,0.29302,0.25512,0.30131,0.15055,0.67619,0.32381,0.5303,113.64
2020-09-29,reopening,112.08,0.1519,0.1108,0.27429,0.23673,0.22629,0.30431,0.2567,0.29981,0.13918,0.67949,0.32051,0.5431,114.29
2020-09-30,reopening,107.73,0.13826,0.1108,0.26332,0.24429,0.24333,0.28695,0.23344,0.31787,0.16174,0.66728,0.33272,0.5364,113.14
2020-10-01,reopening,110.23,0.13515,0.10894,0.2908,0.24458,0.22053,0.27996,0.24571,0.32536,0.14898,0.67601,0.32399,0.5411,115.34
2020-10-02,reopening,112.12,0.13458,0.11393,0.27112,0.23536,0.245,0.29583,0.25375,0.2975,0.15291,0.68783,0.31217,0.5548,113.52
2020-10-03,reopening,116.35,0.08848,0.1211,0.16348,0.34787,0.27908,0.316,0.20855,0.34807,0.12738,0.70538,0.29462,0.5572,117.1
2020-10-04,reopening,115.64,0.0839,0.13544,0.17678,0.33005,0.27383,0.34671,0.18942,0.33265,0.13122,0.70987,0.29013,0.5522,113.65
2020-10-05,reopening,113.07,0.13887,0.11612,0.25178,0.26319,0.23005,0.28502,0.25568,0.31129,0.14801,0.67818,0.32182,0.5501,115.41
2020-10-06,reopening,110.67,0.13309,0.12038,0.25404,0.24771,0.24478,0.29488,0.2512,0.31067,0.14325,0.67955,0.32045,0.5285,115.46
2020-10-07,reopening,112.02,0.12651,0.11803,0.2816,0.2543,0.21956,0.30281,0.24919,0.3009,0.1471,0.66755,0.33245,0.5455,115.99
2020-10-08,reopening,110.48,0.14173,0.11086,0.28214,0.25828,0.20699,0.28701,0.24637,0.31728,0.14934,0.68025,0.31975,0.5484,114.14
2020-10-09,reopening,109.8,0.13406,0.1082,0.29844,0.23366,0.22563,0.28391,0.25651,0.3106,0.14898,0.66296,0.33704,0.5638,114.41
2020-10-10,reopening,116.75,0.0913,0.12933,0.17149,0.32555,0.28232,0.31,0.20411,0.36062,0.12526,0.71815,0.28185,0.5642,114.67
2020-10-11,reopening,120.68,0.10436,0.12692,0.17374,0.34131,0.25367,0.32429,0.20354,0.33726,0.13491,0.72565,0.27435,0.5544,112.83
2020-10-12,reopening,108.02,0.1345,0.1097,0.28065,0.23989,0.23527,0.30431,0.24435,0.31056,0.14078,0.70344,0.29656,0.5572,115.93
2020-10-13,reopening,107.46,0.12673,0.10524,0.31235,0.22514,0.23054,0.3112,0.24098,0.30858,0.13924,0.6787,0.3213,0.5307,115.15
2020-10-14,reopening,114.78,0.13189,0.12932,0.28666,0.21884,0.2333,0.30235,0.2571,0.30864,0.13191,0.68689,0.31311,0.5499,114.12
2020-10-15,reopening,111.24,0.12879,0.11275,0.27956,0.24544,0.23346,0.29158,0.24716,0.31163,0.14962,0.67347,0.32653,0.5444,113.84
2020-10-16,reopening,112.82,0.13766,0.11109,0.27078,0.24807,0.2324,0.29938,0.24793,0.30597,0.14673,0.68529,0.31471,0.5426,114.35
2020-10-17,reopening,114.53,0.08657,0.14241,0.16707,0.34526,0.25869,0.31224,0.21911,0.3406,0.12805,0.71437,0.28563,0.5569,116.25
2020-10-18,reopening,117.45,0.08684,0.14509,0.19287,0.32885,0.24634,0.30479,0.21379,0.3616,0.11982,0.71265,0.28735,0.5673,114.98
2020-10-19,reopening,107.17,0.13109,0.11682,0.29294,0.24254,0.2166,0.29656,0.25072,0.31127,0.14146,0.67593,0.32407,0.5368,114.26
2020-10-20,reopening,114.31,0.12726,0.11343,0.27065,0.23879,0.24988,0.28897,0.25615,0.30616,0.14872,0.69196,0.30804,0.5304,113.96
2020-10-21,reopening,108.44,0.13144,0.10879,0.2783,0.24534,0.23613,0.29535,0.24097,0.31885,0.14483,0.69181,0.30819,0.5381,114.52
2020-10-22,reopening,112.02,0.13573,0.11163,0.28188,0.23551,0.23525,0.28275,0.23855,0.31967,0.15903,0.67839,0.32161,0.5601,114.22
2020-10-23,reopening,111.68,0.1229,0.11402,0.28645,0.24025,0.23638,0.29532,0.24324,0.30882,0.15262,0.68029,0.31971,0.5285,114.29
2020-10-24,reopening,117.63,0.08926,0.13482,0.17666,0.335,0.26426,0.30949,0.20248,0.3603,0.12773,0.71087,0.28913,0.5673,113.9
2020-10-25,reopening,117.39,0.0902,0.12876,0.19702,0.31764,0.26638,0.33007,0.21056,0.33636,0.123,0.72493,0.27507,0.5557,116.51
2020-10-26,reopening,111.77,0.13604,0.11212,0.27645,0.24595,0.22943,0.29109,0.22771,0.33375,0.14745,0.69311,0.30689,0.5462,114.84
2020-10-27,reopening,111.8,0.1443,0.11792,0.26347,0.2647,0.2096,0.28129,0.24061,0.32682,0.15128,0.66753,0.33247,0.5461,116.34
2020-10-28,reopening,112.56,0.13623,0.11103,0.2864,0.23822,0.22811,0.28603,0.26176,0.30084,0.15138,0.67668,0.32332,0.558,114.92
2020-10-29,reopening,112.42,0.14664,0.12015,0.27765,0.22095,0.2346,0.29456,0.23996,0.31686,0.14862,0.67824,0.32176,0.5399,115.53
2020-10-30,reopening,112.28,0.14662,0.11141,0.273,0.22984,0.23913,0.29611,0.25569,0.30841,0.13979,0.66531,0.33469,0.5245,113.64
2020-10-31,reopening,119.21,0.08754,0.13375,0.17782,0.32234,0.27855,0.33099,0.20041,0.34468,0.12392,0.71619,0.28381,0.5493,115.02
2020-11-01,reopening,118.22,0.09704,0.13407,0.1642,0.32569,0.279,0.32524,0.20699,0.33567,0.1321,0.70054,0.29946,0.5576,114.72
2020-11-02,reopening,108.79,0.13777,0.11335,0.28033,0.24208,0.22647,0.27545,0.2564,0.32034,0.14781,0.69191,0.30809,0.5308,115.93
2020-11-03,reopening,111.7,0.13944,0.12058,0.2768,0.24865,0.21453,0.28434,0.24433,0.32558,0.14575,0.68944,0.31056,0.5459,112.79
2020-11-04,reopening,107.32,0.13499,0.11171,0.27504,0.2493,0.22896,0.29058,0.25077,0.31135,0.14729,0.67229,0.32771,0.5684,113.78
2020-11-05,reopening,112.86,0.13597,0.11445,0.29325,0.22535,0.23098,0.30985,0.23489,0.30623,0.14903,0.68256,0.31744,0.5348,115.66
2020-11-06,reopening,110.84,0.14149,0.12142,0.27204,0.25457,0.21049,0.27774,0.26496,0.31064,0.14667,0.68512,0.31488,0.5617,112.95
2020-11-07,reopening,119.66,0.0834,0.13572,0.17473,0.36395,0.24221,0.32749,0.19987,0.34625,0.12639,0.72362,0.27638,0.5688,112.49
2020-11-08,reopening,118.48,0.09168,0.13535,0.18795,0.32122,0.2638,0.33662,0.19814,0.33849,0.12675,0.69843,0.30157,0.5372,114.53
2020-11-09,reopening,108.0,0.14833,0.1138,0.27866,0.20574,0.25347,0.28867,0.24281,0.30532,0.16321,0.67265,0.32735,0.531,112.89
2020-11-10,reopening,111.09,0.14864,0.11512,0.2563,0.26482,0.21511,0.29812,0.24701,0.30912,0.14575,0.68704,0.31296,0.5197,115.03
2020-11-11,reopening,111.7,0.13198,0.11813,0.27716,0.2498,0.22293,0.29748,0.24331,0.3201,0.1391,0.70178,0.29822,0.5511,113.78
2020-11-12,reopening,114.58,0.13285,0.11805,0.26391,0.24412,0.24107,0.27942,0.24842,0.32038,0.15177,0.68626,0.31374,0.5373,115.49
2020-11-13,reopening,107.39,0.13873,0.10602,0.26648,0.25789,0.23088,0.30473,0.2417,0.31137,0.14221,0.69071,0.30929,0.5328,116.24
2020-11-14,reopening,119.77,0.09232,0.12553,0.17937,0.33899,0.26379,0.3093,0.20808,0.35389,0.12872,0.7187,0.2813,0.5643,113.66
2020-11-15,reopening,118.67,0.09313,0.12369,0.18745,0.335,0.26073,0.33733,0.20151,0.32736,0.1338,0.69245,0.30755,0.5631,114.43
2020-11-16,reopening,114.04,0.13685,0.11187,0.27955,0.23766,0.23407,0.3092,0.24873,0.29883,0.14325,0.68039,0.31961,0.5307,113.76
2020-11-17,reopening,112.73,0.14505,0.11249,0.2836,0.23457,0.22428,0.278,0.25499,0.31548,0.15154,0.66933,0.33067,0.55,114.06
2020-11-18,reopening,109.22,0.12858,0.11331,0.28509,0.22999,0.24303,0.27434,0.2579,0.31155,0.15621,0.68516,0.31484,0.538,115.34
2020-11-19,reopening,108.73,0.13582,0.11322,0.25076,0.25136,0.24884,0.29068,0.24166,0.31608,0.15158,0.65877,0.34123,0.5518,115.14
2020-11-20,reopening,112.9,0.13548,0.10891,0.28782,0.23161,0.23618,0.30295,0.23295,0.31417,0.14993,0.68202,0.31798,0.5383,114.47
2020-11-21,reopening,120.4,0.08941,0.12307,0.18008,0.33775,0.26969,0.32641,0.19704,0.3447,0.13184,0.72466,0.27534,0.5555,115.54
2020-11-22,reopening,114.77,0.08908,0.13827,0.16383,0.35072,0.2581,0.33504,0.20062,0.33901,0.12533,0.73034,0.26966,0.5448,115.56
2020-11-23,reopening,112.23,0.13133,0.1195,0.26396,0.24401,0.24119,0.28592,0.2529,0.31277,0.14841,0.69536,0.30464,0.5317,114.34
2020-11-24,reopening,109.98,0.1355,0.11084,0.27727,0.23017,0.24622,0.29334,0.24507,0.31211,0.14947,0.68669,0.31331,0.5415,114.39
2020-11-25,reopening,113.16,0.14569,0.10672,0.28627,0.22848,0.23284,0.30132,0.24377,0.3116,0.14331,0.68585,0.31415,0.5385,115.5
2020-11-26,reopening,112.69,0.13509,0.10985,0.27774,0.24435,0.23296,0.28893,0.23622,0.32691,0.14794,0.69191,0.30809,0.5416,114.27
2020-11-27,reopening,111.79,0.13178,0.12487,0.28878,0.22801,0.22656,0.29044,0.23591,0.32814,0.14551,0.67914,0.32086,0.5379,112.81
2020-11-28,reopening,117.73,0.09395,0.13279,0.18391,0.31822,0.27113,0.31416,0.1963,0.35955,0.12999,0.69557,0.30443,0.5665,115.22
2020-11-29,reopening,117.87,0.09467,0.12681,0.18224,0.33761,0.25868,0.32154,0.2133,0.33236,0.1328,0.71679,0.28321,0.5607,113.14
2020-11-30,reopening,117.11,0.13219,0.11149,0.26893,0.24746,0.23993,0.29081,0.2498,0.30975,0.14964,0.67295,0.32705,0.5428,114.81
2020-12-01,reopening,110.49,0.13578,0.12714,0.25011,0.27478,0.21219,0.28923,0.23971,0.31745,0.15361,0.67714,0.32286,0.5404,113.48
2020-12-02,reopening,110.04,0.13612,0.11911,0.27919,0.22181,0.24377,0.28917,0.24271,0.31194,0.15618,0.66412,0.33588,0.5354,113.31
2020-12-03,reopening,114.9,0.14833,0.11477,0.28378,0.23717,0.21596,0.31244,0.23266,0.31165,0.14325,0.66377,0.33623,0.5452,114.07
2020-12-04,reopening,112.03,0.13646,0.10139,0.29408,0.23763,0.23045,0.29443,0.23314,0.31596,0.15647,0.66066,0.33934,0.5512,116.29
2020-12-05,reopening,114.96,0.08553,0.12987,0.17829,0.33989,0.26642,0.32657,0.20656,0.33708,0.1298,0.7155,0.2845,0.5689,112.89
2020-12-06,reopening,120.05,0.09196,0.13,0.17902,0.33836,0.26067,0.32694,0.19465,0.33204,0.14637,0.70216,0.29784,0.552,115.1
2020-12-07,reopening,113.16,0.13312,0.11743,0.28271,0.24983,0.21691,0.2855,0.2426,0.32169,0.1502,0.68274,0.31726,0.5569,113.06
2020-12-08,reopening,111.43,0.13928,0.11871,0.2709,0.24687,0.22423,0.2836,0.25072,0.31324,0.15245,0.67679,0.32321,0.5329,113.73
2020-12-09,reopening,110.69,0.12277,0.11417,0.28124,0.24221,0.23962,0.29181,0.23499,0.31983,0.15337,0.67215,0.32785,0.5357,114.22
2020-12-10,reopening,114.86,0.12763,0.13152,0.26437,0.25585,0.22063,0.28491,0.25013,0.31444,0.15053,0.69502,0.30498,0.5366,114.89
2020-12-11,reopening,111.07,0.14149,0.11218,0.27441,0.23592,0.23601,0.2915,0.24984,0.30842,0.15023,0.70422,0.29578,0.5498,115.68
2020-12-12,reopening,119.07,0.08957,0.13426,0.17741,0.33776,0.26099,0.33255,0.19681,0.35327,0.11738,0.70682,0.29318,0.5677,113.85
2020-12-13,reopening,116.65,0.09212,0.13365,0.17437,0.34202,0.25783,0.32335,0.20365,0.34846,0.12455,0.69947,0.30053,0.5627,114.07
2020-12-14,reopening,112.25,0.13398,0.11128,0.28186,0.25026,0.22263,0.28395,0.24543,0.31539,0.15522,0.68673,0.31327,0.5498,113.34
2020-12-15,reopening,111.03,0.14693,0.11033,0.27195,0.23974,0.23106,0.29035,0.23971,0.31902,0.15092,0.69453,0.30547,0.5402,112.51
2020-12-16,reopening,110.15,0.12614,0.10936,0.27273,0.25539,0.23638,0.27959,0.2516,0.32823,0.14058,0.69041,0.30959,0.5535,113.34
2020-12-17,reopening,116.09,0.12395,0.10209,0.2989,0.24556,0.22951,0.2936,0.25521,0.29999,0.1512,0.67178,0.32822,0.5466,113.59
2020-12-18,reopening,114.96,0.13241,0.11904,0.27109,0.25329,0.22418,0.2816,0.2476,0.31145,0.15934,0.6721,0.3279,0.5462,114.11
2020-12-19,reopening,119.01,0.09592,0.13258,0.18414,0.33354,0.25382,0.32457,0.19298,0.35151,0.13094,0.70755,0.29245,0.531,114.26
2020-12-20,reopening,114.73,0.09933,0.13351,0.18069,0.34056,0.24592,0.31536,0.19749,0.35577,0.13138,0.72932,0.27068,0.562,113.36
2020-12-21,reopening,113.81,0.13917,0.12448,0.28345,0.22045,0.23245,0.28707,0.24826,0.31798,0.14669,0.68322,0.31678,0.526,115.53
2020-12-22,reopening,112.71,0.1262,0.10734,0.27889,0.24425,0.24332,0.28187,0.24026,0.32648,0.15139,0.68435,0.31565,0.5411,114.53
2020-12-23,reopening,112.36,0.14815,0.11185,0.28014,0.24318,0.21667,0.29644,0.23559,0.3303,0.13767,0.69495,0.30505,0.5524,114.31
2020-12-24,reopening,111.22,0.14296,0.11402,0.25831,0.25545,0.22927,0.29196,0.25677,0.31038,0.14089,0.6834,0.3166,0.5394,115.62
2020-12-25,reopening,113.42,0.13987,0.11547,0.2735,0.24469,0.22647,0.30253,0.25767,0.29477,0.14503,0.70449,0.29551,0.5324,115.56
2020-12-26,reopening,116.01,0.09401,0.12861,0.16664,0.35352,0.25723,0.32042,0.19754,0.36686,0.11518,0.71556,0.28444,0.5485,114.79
2020-12-27,reopening,119.55,0.09847,0.13135,0.18398,0.33125,0.25496,0.33312,0.19916,0.34235,0.12536,0.71936,0.28064,0.5397,116.82
2020-12-28,reopening,116.38,0.14501,0.10863,0.28583,0.23851,0.22202,0.29512,0.24137,0.31583,0.14768,0.68324,0.31676,0.5597,115.07
2020-12-29,reopening,113.82,0.12591,0.11654,0.27099,0.26637,0.22018,0.2896,0.24275,0.32609,0.14156,0.68639,0.31361,0.5523,113.17
2020-12-30,reopening,110.38,0.13396,0.11321,0.27903,0.23829,0.23552,0.28199,0.24987,0.31591,0.15223,0.69606,0.30394,0.5516,115.47
2020-12-31,reopening,107.69,0.14185,0.11741,0.27693,0.24059,0.22322,0.30339,0.239,0.30619,0.15142,0.69477,0.30523,0.5666,113.18
2021-01-01,reopening,112.1,0.13894,0.10667,0.26544,0.25623,0.23271,0.2874,0.24871,0.30849,0.15541,0.68444,0.31556,0.5288,114.52
2021-01-02,reopening,123.54,0.08713,0.12848,0.17909,0.3449,0.26041,0.31185,0.19791,0.3551,0.13515,0.71399,0.28601,0.5687,115.72
2021-01-03,reopening,118.31,0.10132,0.13439,0.17917,0.31718,0.26793,0.31525,0.20357,0.34985,0.13134,0.70114,0.29886,0.5521,113.73
2021-01-04,reopening,111.33,0.13549,0.10956,0.26502,0.2513,0.23863,0.30082,0.23277,0.31984,0.14657,0.68993,0.31007,0.5497,115.92
2021-01-05,reopening,111.93,0.12753,0.11406,0.28754,0.26378,0.20709,0.2777,0.26486,0.31454,0.1429,0.65345,0.34655,0.5499,116.35
2021-01-06,reopening,112.59,0.12371,0.10497,0.285,0.25786,0.22845,0.30654,0.23724,0.30786,0.14836,0.68243,0.31757,0.548,111.64
2021-01-07,reopening,113.09,0.14704,0.11845,0.26906,0.24327,0.22217,0.29401,0.24018,0.32757,0.13824,0.67877,0.32123,0.5646,114.44
2021-01-08,reopening,113.7,0.13429,0.1134,0.28667,0.24667,0.21898,0.28285,0.25083,0.32595,0.14036,0.66724,0.33276,0.558,113.19
2021-01-09,reopening,120.87,0.08584,0.14052,0.17661,0.35355,0.24348,0.32764,0.19006,0.35229,0.13001,0.69161,0.30839,0.5516,112.98
2021-01-10,reopening,122.6,0.10117,0.12852,0.18156,0.33348,0.25527,0.3096,0.20022,0.3587,0.13148,0.71815,0.28185,0.5571,112.41
2021-01-11,reopening,114.83,0.12733,0.11413,0.301,0.22928,0.22827,0.29132,0.25373,0.31323,0.14172,0.67972,0.32028,0.5308,114.18
2021-01-12,reopening,112.8,0.14047,0.11228,0.2901,0.23707,0.22007,0.28563,0.24173,0.32706,0.14559,0.69231,0.30769,0.5413,114.35
2021-01-13,reopening,113.99,0.12672,0.1135,0.26834,0.25812,0.23333,0.29563,0.23563,0.32272,0.14603,0.68604,0.31396,0.5325,114.23
2021-01-14,reopening,109.55,0.1369,0.12161,0.26001,0.25003,0.23144,0.29074,0.26151,0.30298,0.14476,0.67931,0.32069,0.5341,114.33
2021-01-15,reopening,116.04,0.14374,0.11502,0.27864,0.23672,0.22588,0.298,0.23862,0.31229,0.15109,0.67531,0.32469,0.5628,116.21
2021-01-16,reopening,119.3,0.09227,0.13014,0.17163,0.3516,0.25436,0.30001,0.1981,0.38139,0.12049,0.71443,0.28557,0.5527,115.98
2021-01-17,reopening,118.89,0.09413,0.13065,0.18365,0.35147,0.24009,0.32165,0.19802,0.35689,0.12343,0.7058,0.2942,0.5496,114.89
2021-01-18,reopening,115.41,0.13652,0.11466,0.29454,0.22115,0.23313,0.28638,0.23268,0.33168,0.14927,0.6786,0.3214,0.558,115.42
2021-01-19,reopening,114.24,0.13363,0.11555,0.29176,0.25035,0.20871,0.28284,0.24192,0.32935,0.14589,0.68602,0.31398,0.532,115.72
2021-01-20,reopening,115.64,0.14037,0.11162,0.28288,0.25979,0.20534,0.27775,0.23003,0.33698,0.15525,0.67606,0.32394,0.5682,114.52
2021-01-21,reopening,110.92,0.14043,0.11738,0.27793,0.23501,0.22926,0.28104,0.2612,0.31849,0.13927,0.67025,0.32975,0.5255,115.0
2021-01-22,reopening,109.29,0.14922,0.11936,0.26329,0.25019,0.21794,0.27825,0.25693,0.32031,0.14451,0.67694,0.32306,0.5414,115.13
2021-01-23,reopening,117.5,0.09137,0.13147,0.17652,0.35384,0.2468,0.31488,0.1944,0.36883,0.12189,0.71257,0.28743,0.5541,115.69
2021-01-24,reopening,116.95,0.09125,0.13127,0.16131,0.36963,0.24655,0.31369,0.19714,0.36702,0.12215,0.70202,0.29798,0.5708,115.17
2021-01-25,reopening,112.38,0.14606,0.10489,0.26779,0.2522,0.22907,0.29729,0.24845,0.30155,0.15271,0.69734,0.30266,0.5424,114.3
2021-01-26,reopening,111.17,0.14823,0.11795,0.25902,0.25677,0.21802,0.28118,0.23797,0.31975,0.16109,0.66652,0.33348,0.5501,111.61
2021-01-27,reopening,110.17,0.13738,0.124,0.25828,0.23792,0.24241,0.28093,0.23153,0.33379,0.15375,0.68327,0.31673,0.555,115.57
2021-01-28,reopening,118.93,0.13836,0.11263,0.29646,0.23564,0.21691,0.29038,0.23932,0.32855,0.14175,0.6813,0.3187,0.5291,114.24
2021-01-29,reopening,111.95,0.13169,0.10971,0.27159,0.25613,0.23088,0.27807,0.24517,0.323,0.15377,0.66709,0.33291,0.5553,113.76
2021-01-30,reopening,121.63,0.09384,0.12596,0.18363,0.32433,0.27224,0.32797,0.19483,0.35054,0.12666,0.71628,0.28372,0.5579,115.74
2021-01-31,reopening,120.04,0.09308,0.13341,0.1802,0.34334,0.24998,0.31809,0.19711,0.35636,0.12844,0.70326,0.29674,0.5767,114.05
2021-02-01,reopening,114.18,0.14953,0.10851,0.26679,0.24663,0.22855,0.29784,0.2386,0.31698,0.14658,0.68595,0.31405,0.5413,114.59
2021-02-02,reopening,114.66,0.1418,0.11103,0.26918,0.24437,0.23363,0.28488,0.23764,0.31705,0.16043,0.69156,0.30844,0.552,112.72
2021-02-03,reopening,115.06,0.12764,0.11127,0.28966,0.23626,0.23517,0.29314,0.24493,0.31772,0.1442,0.67676,0.32324,0.5417,114.24
2021-02-04,reopening,113.85,0.13999,0.10663,0.29999,0.22716,0.22623,0.30052,0.2271,0.31478,0.1576,0.65429,0.34571,0.5474,114.08
2021-02-05,reopening,110.08,0.13686,0.11106,0.28405,0.24984,0.21819,0.28823,0.25173,0.31618,0.14387,0.67838,0.32162,0.546,112.27
2021-02-06,reopening,117.47,0.08358,0.13316,0.16016,0.36247,0.26063,0.3135,0.1969,0.35894,0.13067,0.71328,0.28672,0.5717,113.28
2021-02-07,reopening,124.62,0.09996,0.13052,0.16357,0.34588,0.26008,0.31219,0.2029,0.36392,0.12099,0.72199,0.27801,0.5417,116.0
2021-02-08,reopening,113.24,0.14003,0.11619,0.27142,0.23823,0.23413,0.29465,0.22541,0.33518,0.14476,0.67995,0.32005,0.5403,114.34
2021-02-09,reopening,110.35,0.14051,0.11698,0.27504,0.24021,0.22725,0.29051,0.24809,0.31852,0.14289,0.69233,0.30767,0.5548,115.01
2021-02-10,reopening,112.46,0.13368,0.11017,0.28238,0.25479,0.21898,0.28998,0.24726,0.31386,0.1489,0.6892,0.3108,0.5412,111.53
2021-02-11,reopening,114.4,0.12743,0.11296,0.27151,0.25402,0.23407,0.27829,0.24324,0.32756,0.15091,0.67965,0.32035,0.5471,113.4
2021-02-12,reopening,115.34,0.13826,0.1144,0.30223,0.21841,0.2267,0.27886,0.24792,0.32273,0.15049,0.6942,0.3058,0.558,114.16
2021-02-13,reopening,120.18,0.0899,0.14343,0.19856,0.30927,0.25884,0.32892,0.19374,0.35254,0.1248,0.71755,0.28245,0.5654,116.44
2021-02-14,reopening,121.6,0.09871,0.12714,0.17122,0.34011,0.26282,0.31608,0.21175,0.35145,0.12072,0.72067,0.27933,0.5627,114.86
2021-02-15,reopening,114.88,0.13321,0.10842,0.27822,0.25257,0.22757,0.28207,0.24026,0.31749,0.16018,0.66968,0.33032,0.5515,113.52
2021-02-16,reopening,115.62,0.13344,0.11268,0.28123,0.23391,0.23874,0.29231,0.22835,0.3323,0.14705,0.67769,0.32231,0.5276,113.89
2021-02-17,reopening,114.3,0.14843,0.12117,0.27765,0.2191,0.23365,0.28833,0.23206,0.3368,0.14282,0.67697,0.32303,0.5342,114.68
2021-02-18,reopening,110.31,0.13736,0.12829,0.26268,0.23994,0.23173,0.27457,0.23664,0.34357,0.14522,0.67997,0.32003,0.5376,114.8
2021-02-19,reopening,118.13,0.13249,0.11165,0.28476,0.23194,0.23916,0.29904,0.2515,0.30276,0.1467,0.71911,0.28089,0.5611,114.5
2021-02-20,reopening,118.83,0.09151,0.1279,0.18754,0.29997,0.29307,0.3406,0.19,0.3542,0.11521,0.72148,0.27852,0.5727,115.04
2021-02-21,reopening,118.07,0.08934,0.13977,0.1936,0.31381,0.26348,0.31092,0.18439,0.38401,0.12068,0.69851,0.30149,0.546,115.47
2021-02-22,reopening,116.25,0.13933,0.11468,0.27852,0.24431,0.22316,0.2991,0.23362,0.32174,0.14554,0.68908,0.31092,0.5707,118.21
2021-02-23,reopening,113.19,0.13506,0.11972,0.27675,0.24002,0.22845,0.2868,0.24947,0.32271,0.14102,0.68897,0.31103,0.5694,111.69
2021-02-24,reopening,115.64,0.13834,0.12903,0.25975,0.2551,0.21778,0.27961,0.24981,0.32472,0.14586,0.68474,0.31526,0.5597,114.8
2021-02-25,reopening,113.01,0.14742,0.11099,0.28239,0.2248,0.2344,0.29509,0.23067,0.33022,0.14402,0.67932,0.32068,0.5229,114.75
2021-02-26,reopening,111.63,0.15254,0.11079,0.27138,0.23105,0.23425,0.30029,0.23897,0.32022,0.14052,0.68669,0.31331,0.5331,114.07
2021-02-27,reopening,124.33,0.07982,0.13402,0.17781,0.34667,0.26168,0.33175,0.19513,0.35148,0.12163,0.72951,0.27049,0.56,115.03
2021-02-28,reopening,120.88,0.0985,0.13515,0.16349,0.33809,0.26477,0.31585,0.20553,0.35139,0.12723,0.70061,0.29939,0.564,114.79
2021-03-01,reopening,112.64,0.13798,0.11085,0.28676,0.24616,0.21825,0.2886,0.24008,0.32388,0.14745,0.66254,0.33746,0.541,114.99
2021-03-02,reopening,111.07,0.13152,0.11227,0.29982,0.24443,0.21196,0.28553,0.24172,0.33832,0.13443,0.6939,0.3061,0.5216,113.31
2021-03-03,reopening,118.55,0.13956,0.11529,0.27459,0.2375,0.23307,0.28545,0.22859,0.34335,0.14261,0.69016,0.30984,0.5351,113.45
2021-03-04,reopening,113.95,0.1423,0.1207,0.27246,0.23601,0.22853,0.27112,0.25087,0.33519,0.14283,0.6794,0.3206,0.5354,114.31
2021-03-05,reopening,116.86,0.14009,0.1112,0.29494,0.22782,0.22595,0.29732,0.24224,0.31239,0.14805,0.69797,0.30203,0.5603,114.26
2021-03-06,reopening,118.44,0.10107,0.14616,0.16171,0.32738,0.26367,0.32951,0.19211,0.35137,0.12701,0.72255,0.27745,0.5492,112.68
2021-03-07,reopening,123.02,0.09275,0.11966,0.16779,0.34062,0.27918,0.32917,0.19306,0.35128,0.12649,0.72116,0.27884,0.574,115.15
2021-03-08,reopening,115.05,0.14078,0.10854,0.283,0.24114,0.22654,0.29028,0.24078,0.32906,0.13987,0.6976,0.3024,0.5384,116.45
2021-03-09,reopening,114.85,0.13516,0.12179,0.26642,0.25003,0.22659,0.28829,0.24502,0.32026,0.14642,0.69476,0.30524,0.5655,115.29
2021-03-10,reopening,114.63,0.12553,0.11478,0.27419,0.25846,0.22704,0.29893,0.24306,0.31102,0.14699,0.67367,0.32633,0.5228,114.85
2021-03-11,reopening,119.9,0.14268,0.10977,0.2744,0.23525,0.23791,0.27828,0.25444,0.33105,0.13623,0.6831,0.3169,0.5397,115.22
2021-03-12,reopening,112.27,0.13525,0.11663,0.27513,0.22938,0.24361,0.27941,0.24923,0.32401,0.14734,0.69559,0.30441,0.5446,114.69
2021-03-13,reopening,121.59,0.08837,0.1294,0.17333,0.33642,0.27247,0.2957,0.18738,0.39067,0.12625,0.70828,0.29172,0.5481,113.72
2021-03-14,reopening,120.33,0.08841,0.12691,0.18253,0.32477,0.27738,0.32148,0.21558,0.34399,0.11895,0.70953,0.29047,0.5687,117.5
2021-03-15,reopening,112.33,0.13665,0.11884,0.31077,0.2282,0.20553,0.28804,0.2394,0.32898,0.14357,0.69666,0.30334,0.5581,114.44
2021-03-16,reopening,112.81,0.13375,0.11371,0.28547,0.23516,0.23191,0.27681,0.24571,0.32659,0.15089,0.70527,0.29473,0.5398,114.64
2021-03-17,reopening,115.67,0.14709,0.10384,0.29174,0.22346,0.23387,0.31103,0.23251,0.31227,0.14419,0.68579,0.31421,0.5475,116.12
2021-03-18,reopening,115.14,0.14456,0.11886,0.27971,0.23685,0.22002,0.28374,0.24562,0.31798,0.15266,0.67428,0.32572,0.5386,112.46
2021-03-19,reopening,116.06,0.13683,0.10411,0.28276,0.23257,0.24373,0.29529,0.23529,0.32307,0.14635,0.67179,0.32821,0.5449,114.81
2021-03-20,reopening,114.24,0.09565,0.12932,0.18128,0.33202,0.26173,0.29048,0.19583,0.38259,0.13109,0.70228,0.29772,0.5662,112.72
2021-03-21,reopening,119.67,0.0841,0.12806,0.18106,0.3342,0.27257,0.31344,0.19486,0.36423,0.12748,0.70835,0.29165,0.5513,112.74
2021-03-22,reopening,112.47,0.12974,0.12024,0.28397,0.25031,0.21575,0.28464,0.24526,0.32279,0.14732,0.68624,0.31376,0.5502,113.29
2021-03-23,reopening,112.34,0.14022,0.11756,0.26932,0.25098,0.22192,0.28892,0.24597,0.32583,0.13928,0.66964,0.33036,0.5435,113.65
2021-03-24,reopening,114.69,0.13852,0.11484,0.2751,0.24456,0.22699,0.28384,0.2315,0.33468,0.14998,0.69198,0.30802,0.5451,114.04
2021-03-25,reopening,119.26,0.13656,0.10912,0.27999,0.2405,0.23383,0.28817,0.23552,0.33236,0.14394,0.69103,0.30897,0.5255,117.04
2021-03-26,reopening,116.98,0.14311,0.12071,0.28854,0.21647,0.23117,0.30447,0.23243,0.32457,0.13853,0.68274,0.31726,0.5364,115.24
2021-03-27,reopening,122.44,0.09797,0.14211,0.1714,0.32286,0.26566,0.32401,0.19205,0.36739,0.11655,0.73194,0.26806,0.5427,112.95
2021-03-28,reopening,122.33,0.10086,0.12954,0.17167,0.35113,0.2468,0.30858,0.19276,0.36827,0.1304,0.6851,0.3149,0.5548,112.28
2021-03-29,reopening,116.9,0.14477,0.11288,0.27248,0.24139,0.22847,0.29341,0.24167,0.33058,0.13433,0.68899,0.31101,0.5442,111.77
2021-03-30,reopening,115.28,0.14542,0.11625,0.28167,0.23577,0.22089,0.29168,0.23987,0.33169,0.13676,0.69012,0.30988,0.5591,115.31
2021-03-31,reopening,116.24,0.14317,0.11946,0.26557,0.25738,0.21442,0.29458,0.25083,0.31374,0.14086,0.66948,0.33052,0.5463,115.55
2021-04-01,reopening,114.68,0.14516,0.11529,0.2618,0.25326,0.22449,0.29787,0.22642,0.32543,0.15028,0.67992,0.32008,0.5314,114.2
2021-04-02,reopening,112.09,0.13334,0.10577,0.30122,0.23292,0.22676,0.29382,0.23807,0.31748,0.15063,0.69592,0.30408,0.5273,114.53
2021-04-03,reopening,120.16,0.09132,0.13567,0.17437,0.33372,0.26493,0.31827,0.19407,0.36314,0.12452,0.71426,0.28574,0.5321,115.85
2021-04-04,reopening,120.31,0.09523,0.12977,0.18513,0.346,0.24387,0.32103,0.20596,0.35291,0.1201,0.71178,0.28822,0.5447,114.82
2021-04-05,reopening,113.41,0.14268,0.12104,0.25626,0.2526,0.22742,0.29812,0.24388,0.32085,0.13715,0.67821,0.32179,0.5356,114.72
2021-04-06,reopening,115.0,0.13356,0.11375,0.27052,0.24881,0.23336,0.2907,0.24249,0.32429,0.14251,0.67891,0.32109,0.546,113.24
2021-04-07,reopening,115.53,0.15149,0.11128,0.24167,0.25569,0.23988,0.28206,0.25135,0.31705,0.14954,0.6674,0.3326,0.5296,113.91
2021-04-08,reopening,115.34,0.13493,0.11716,0.28867,0.23969,0.21956,0.28214,0.25983,0.30833,0.14971,0.66288,0.33712,0.5371,111.67
2021-04-09,reopening,115.1,0.13885,0.12028,0.27266,0.23636,0.23185,0.27281,0.24654,0.34269,0.13796,0.6864,0.3136,0.5554,114.34
2021-04-10,reopening,121.59,0.09217,0.13514,0.18777,0.33092,0.25399,0.31531,0.19442,0.3593,0.13097,0.70576,0.29424,0.5536,114.15
2021-04-11,reopening,119.26,0.08909,0.12687,0.16807,0.33744,0.27853,0.30007,0.21756,0.35521,0.12716,0.70434,0.29566,0.5864,113.26
2021-04-12,reopening,117.08,0.13192,0.10268,0.27888,0.24838,0.23814,0.3019,0.23587,0.30896,0.15327,0.67163,0.32837,0.5359,112.98
2021-04-13,reopening,114.1,0.1321,0.11124,0.28996,0.23084,0.23586,0.29077,0.21429,0.35805,0.13689,0.66284,0.33716,0.5586,113.61
2021-04-14,reopening,112.13,0.15609,0.11498,0.27524,0.21915,0.23454,0.28454,0.24178,0.33195,0.14173,0.67741,0.32259,0.5432,116.33
2021-04-15,reopening,116.24,0.1417,0.11938,0.26373,0.23413,0.24106,0.28825,0.23345,0.32765,0.15065,0.69286,0.30714,0.5387,114.64
2021-04-16,reopening,113.54,0.14699,0.11852,0.27088,0.23786,0.22574,0.30537,0.2186,0.34372,0.13232,0.67404,0.32596,0.558,115.28
2021-04-17,reopening,122.62,0.08953,0.1245,0.19505,0.3361,0.25483,0.32003,0.20848,0.34552,0.12597,0.70305,0.29695,0.5795,113.69
2021-04-18,reopening,120.29,0.09523,0.13486,0.17876,0.32823,0.26292,0.30923,0.20423,0.3639,0.12264,0.70566,0.29434,0.551,113.0
2021-04-19,reopening,112.43,0.1404,0.10947,0.28885,0.22705,0.23424,0.28416,0.23968,0.33287,0.14328,0.68844,0.31156,0.5612,113.78
2021-04-20,reopening,113.97,0.14267,0.11421,0.27736,0.23048,0.23526,0.27967,0.25002,0.32343,0.14688,0.68767,0.31233,0.5699,114.51
2021-04-21,reopening,113.4,0.13649,0.11091,0.27758,0.24431,0.23072,0.27468,0.23328,0.34471,0.14733,0.69183,0.30817,0.5287,114.37
2021-04-22,reopening,116.12,0.14194,0.11155,0.25168,0.2299,0.26492,0.27956,0.22981,0.33806,0.15257,0.68867,0.31133,0.5469,114.08
2021-04-23,reopening,115.37,0.13974,0.10842,0.285,0.22881,0.23803,0.27282,0.2421,0.33694,0.14814,0.67835,0.32165,0.533,115.04
2021-04-24,reopening,122.29,0.08862,0.13858,0.17344,0.33787,0.2615,0.31366,0.19208,0.36923,0.12503,0.69563,0.30437,0.5615,116.51
2021-04-25,reopening,117.64,0.09205,0.13806,0.1762,0.33049,0.2632,0.31298,0.19846,0.36769,0.12087,0.71826,0.28174,0.5543,115.1
2021-04-26,reopening,117.73,0.14046,0.10986,0.26504,0.25322,0.23141,0.28878,0.24932,0.31499,0.1469,0.69201,0.30799,0.5448,113.41
2021-04-27,reopening,113.77,0.13809,0.11559,0.27166,0.23634,0.23832,0.28958,0.22791,0.34598,0.13654,0.69623,0.30377,0.5437,114.78
2021-04-28,reopening,115.46,0.13592,0.10523,0.2861,0.23383,0.23892,0.27812,0.24526,0.32022,0.1564,0.68618,0.31382,0.554,112.46
2021-04-29,reopening,111.3,0.13213,0.11583,0.27287,0.25402,0.22515,0.29567,0.22811,0.32929,0.14693,0.70426,0.29574,0.5594,114.71
2021-04-30,reopening,112.28,0.16199,0.11875,0.26505,0.23383,0.22037,0.30394,0.2348,0.33224,0.12902,0.69142,0.30858,0.5607,113.29
2021-05-01,reopening,119.58,0.09779,0.12859,0.17071,0.33217,0.27074,0.3352,0.19717,0.35028,0.11735,0.72541,0.27459,0.5342,113.1
2021-05-02,reopening,122.53,0.09776,0.14374,0.16717,0.35255,0.23878,0.32935,0.19132,0.35689,0.12244,0.72923,0.27077,0.5556,115.41
2021-05-03,reopening,112.96,0.13876,0.1109,0.27669,0.23834,0.23532,0.30379,0.23982,0.31175,0.14464,0.68078,0.31922,0.5278,114.3
2021-05-04,reopening,113.54,0.13264,0.11966,0.25448,0.26141,0.23182,0.31466,0.2228,0.3229,0.13963,0.69406,0.30594,0.5643,113.48
2021-05-05,reopening,112.79,0.12595,0.11515,0.30313,0.23959,0.21617,0.2801,0.2384,0.33513,0.14636,0.68181,0.31819,0.5586,114.56
2021-05-06,reopening,115.74,0.13578,0.11133,0.29263,0.23394,0.22631,0.29568,0.2444,0.32363,0.13629,0.67732,0.32268,0.5591,114.36
2021-05-07,reopening,111.49,0.14108,0.11789,0.27585,0.22503,0.24014,0.28906,0.24111,0.32598,0.14385,0.70054,0.29946,0.5277,114.04
2021-05-08,reopening,121.6,0.09058,0.14198,0.1681,0.32877,0.27056,0.29386,0.20869,0.36915,0.1283,0.70676,0.29324,0.5467,115.15
2021-05-09,reopening,118.99,0.09499,0.11942,0.1739,0.33913,0.27257,0.31359,0.20243,0.36083,0.12316,0.72265,0.27735,0.5555,115.0
2021-05-10,reopening,117.57,0.13857,0.10206,0.28779,0.23864,0.23294,0.28293,0.24046,0.32879,0.14782,0.67656,0.32344,0.5557,114.54
2021-05-11,reopening,115.63,0.14084,0.11559,0.28543,0.22906,0.22909,0.28749,0.23605,0.32723,0.14923,0.6877,0.3123,0.5419,115.17
2021-05-12,reopening,114.28,0.14588,0.11224,0.27968,0.23409,0.2281,0.29865,0.23939,0.32106,0.1409,0.67383,0.32617,0.5394,113.43
2021-05-13,reopening,113.9,0.13529,0.11642,0.27379,0.23849,0.23601,0.26869,0.24439,0.34114,0.14578,0.6818,0.3182,0.5463,114.89
2021-05-14,reopening,113.86,0.14033,0.11531,0.27264,0.24833,0.22339,0.28784,0.2378,0.33328,0.14108,0.68771,0.31229,0.5444,114.61
2021-05-15,reopening,118.4,0.09228,0.13457,0.1692,0.35115,0.25279,0.31616,0.18502,0.36883,0.12999,0.71491,0.28509,0.5555,116.05
2021-05-16,reopening,121.18,0.08932,0.13266,0.16869,0.33721,0.27211,0.32096,0.19731,0.35833,0.12339,0.71494,0.28506,0.5657,114.63
2021-05-17,reopening,115.6,0.14088,0.10929,0.27882,0.24594,0.22507,0.28564,0.23549,0.32636,0.15251,0.69105,0.30895,0.5525,111.59
2021-05-18,reopening,119.04,0.13429,0.1213,0.29039,0.23716,0.21687,0.27749,0.24817,0.32412,0.15022,0.68766,0.31234,0.5577,114.76
2021-05-19,reopening,113.84,0.13667,0.11226,0.29812,0.22905,0.2239,0.29314,0.23268,0.34195,0.13223,0.67521,0.32479,0.5499,115.09
2021-05-20,reopening,117.55,0.14082,0.11133,0.2934,0.22615,0.22831,0.28801,0.22698,0.33363,0.15137,0.67319,0.32681,0.5592,114.18
2021-05-21,reopening,118.23,0.13477,0.11667,0.27557,0.2427,0.23029,0.29786,0.23563,0.31873,0.14778,0.69062,0.30938,0.5531,113.88
2021-05-22,reopening,122.05,0.09442,0.12216,0.17719,0.34135,0.26488,0.31899,0.19898,0.36564,0.11639,0.72476,0.27524,0.5754,115.2
2021-05-23,reopening,121.62,0.08375,0.12594,0.17497,0.34471,0.27063,0.30935,0.1926,0.37346,0.12458,0.69138,0.30862,0.5506,112.92
2021-05-24,reopening,112.04,0.14122,0.10397,0.29476,0.2372,0.22285,0.28865,0.24372,0.3281,0.13952,0.67648,0.32352,0.5532,113.77
2021-05-25,reopening,114.08,0.14311,0.10219,0.26873,0.24464,0.24133,0.27878,0.23609,0.33852,0.14662,0.67852,0.32148,0.5402,115.1
2021-05-26,reopening,119.04,0.13972,0.1196,0.27357,0.23382,0.2333,0.28245,0.24367,0.31715,0.15673,0.70222,0.29778,0.5519,114.56
2021-05-27,reopening,117.39,0.14299,0.11664,0.27638,0.23342,0.23057,0.26751,0.23777,0.33189,0.16283,0.67683,0.32317,0.5638,115.3
2021-05-28,reopening,112.14,0.15239,0.11435,0.26778,0.24475,0.22073,0.28226,0.24537,0.32881,0.14355,0.68585,0.31415,0.5578,114.64
2021-05-29,reopening,122.68,0.09196,0.12385,0.17465,0.35347,0.25607,0.30767,0.19636,0.37002,0.12596,0.71469,0.28531,0.5593,114.71
2021-05-30,reopening,123.08,0.09325,0.13083,0.17859,0.3372,0.26013,0.31054,0.19662,0.37015,0.1227,0.69992,0.30008,0.5606,114.78
2021-05-31,reopening,116.55,0.14224,0.11107,0.27462,0.23122,0.24086,0.29188,0.22634,0.33735,0.14443,0.67465,0.32535,0.5776,115.27
2021-06-01,reopening,114.28,0.14049,0.11839,0.28017,0.23583,0.22513,0.29736,0.22774,0.32881,0.14609,0.69115,0.30885,0.5275,113.6
2021-06-02,reopening,115.88,0.14056,0.11052,0.26074,0.24322,0.24495,0.28499,0.24752,0.3277,0.13978,0.68505,0.31495,0.5132,112.5
2021-06-03,reopening,115.37,0.13724,0.12592,0.26592,0.23079,0.24013,0.29943,0.24086,0.31944,0.14026,0.69369,0.30631,0.56,115.7
2021-06-04,reopening,116.57,0.14577,0.11302,0.28462,0.22942,0.22717,0.27091,0.25614,0.32394,0.14901,0.69071,0.30929,0.5602,113.84
2021-06-05,reopening,121.35,0.09123,0.13787,0.17112,0.34589,0.25389,0.32715,0.17782,0.38051,0.11452,0.70989,0.29011,0.5527,116.92
2021-06-06,reopening,120.56,0.08405,0.13083,0.17447,0.35492,0.25573,0.30317,0.19115,0.38124,0.12443,0.7102,0.2898,0.5299,114.81
2021-06-07,reopening,114.23,0.14571,0.12176,0.27375,0.22177,0.23701,0.29897,0.22805,0.33901,0.13397,0.70684,0.29316,0.5483,115.38
2021-06-08,reopening,113.24,0.14324,0.1139,0.29454,0.22578,0.22254,0.27376,0.235,0.34222,0.14903,0.68712,0.31288,0.5545,116.25
2021-06-09,reopening,117.38,0.13527,0.13156,0.26816,0.25081,0.21421,0.29131,0.2243,0.3347,0.14969,0.67689,0.32311,0.5417,116.81
2021-06-10,reopening,114.56,0.14072,0.11025,0.28827,0.24511,0.21565,0.28706,0.22838,0.34521,0.13934,0.68446,0.31554,0.5449,116.18
2021-06-11,reopening,114.15,0.14357,0.11396,0.26955,0.2299,0.24302,0.29219,0.23918,0.33044,0.13819,0.67437,0.32563,0.5475,113.89
2021-06-12,reopening,122.14,0.09121,0.13114,0.17062,0.33906,0.26797,0.30943,0.19231,0.36569,0.13258,0.70622,0.29378,0.5598,114.5
2021-06-13,reopening,121.5,0.09332,0.13299,0.17419,0.34887,0.25064,0.30775,0.20129,0.36941,0.12155,0.70846,0.29154,0.5642,114.76
2021-06-14,reopening,113.27,0.16087,0.11121,0.27481,0.23532,0.21779,0.29264,0.23402,0.33253,0.14081,0.67543,0.32457,0.5372,114.03
2021-06-15,reopening,115.35,0.13432,0.11156,0.27555,0.24091,0.23766,0.29979,0.21168,0.33915,0.14938,0.69623,0.30377,0.5477,115.47
2021-06-16,reopening,114.92,0.13832,0.11031,0.26009,0.24937,0.24191,0.27465,0.25001,0.33503,0.1403,0.69343,0.30657,0.5636,114.57
2021-06-17,reopening,115.58,0.13441,0.11109,0.28362,0.23367,0.23722,0.29353,0.22376,0.33068,0.15202,0.68859,0.31141,0.5387,115.93
2021-06-18,reopening,113.84,0.14133,0.1095,0.29132,0.22576,0.23209,0.27585,0.22084,0.35773,0.14558,0.67061,0.32939,0.5418,114.3
2021-06-19,reopening,118.24,0.09813,0.12078,0.16338,0.33343,0.28429,0.32943,0.18424,0.37109,0.11524,0.718,0.282,0.5522,113.03
2021-06-20,reopening,124.46,0.08904,0.12785,0.18019,0.32596,0.27696,0.30822,0.19362,0.36992,0.12825,0.71508,0.28492,0.5349,114.41
2021-06-21,reopening,112.82,0.14023,0.11035,0.29534,0.22756,0.22652,0.29833,0.23073,0.32616,0.14478,0.68825,0.31175,0.5493,114.85
2021-06-22,reopening,113.35,0.15126,0.11787,0.26566,0.23638,0.22883,0.2896,0.23833,0.3359,0.13617,0.64905,0.35095,0.5434,115.71
2021-06-23,reopening,118.17,0.14209,0.12035,0.26766,0.24338,0.22651,0.29857,0.23241,0.33016,0.13887,0.68161,0.31839,0.5472,113.1
2021-06-24,reopening,118.8,0.13296,0.12846,0.26368,0.23826,0.23664,0.2804,0.23685,0.32549,0.15726,0.67684,0.32316,0.5352,116.5
2021-06-25,reopening,114.22,0.14738,0.10682,0.27768,0.25119,0.21694,0.29453,0.24457,0.31446,0.14644,0.68107,0.31893,0.5433,115.42
2021-06-26,reopening,120.46,0.09451,0.12999,0.17882,0.33607,0.26061,0.32234,0.19854,0.3585,0.12062,0.72235,0.27765,0.5531,116.11
2021-06-27,reopening,118.92,0.08911,0.13431,0.17942,0.33341,0.26375,0.30495,0.19167,0.37536,0.12802,0.70817,0.29183,0.5614,114.31
2021-06-28,reopening,114.32,0.13402,0.12217,0.26323,0.24765,0.23293,0.27323,0.23815,0.34307,0.14555,0.66933,0.33067,0.5429,114.32
2021-06-29,reopening,117.61,0.1302,0.11906,0.2902,0.22397,0.23656,0.28555,0.23639,0.3334,0.14466,0.69418,0.30582,0.5265,114.91
2021-06-30,reopening,116.4,0.12715,0.11341,0.28149,0.24629,0.23166,0.27955,0.23524,0.34141,0.1438,0.66752,0.33248,0.5279,114.3
